I (468) EXAMPLE: ADC1 Calibrated Voltage (mV): [0]:711, [1]:653, [2]:849, [3]:783, [4]:462, [5]:434, [6]:769, [7]:976, [8]:0, [9]:0
I (488) EXAMPLE: ADC1 Calibrated Voltage (mV): [0]:589, [1]:557, [2]:724, [3]:902, [4]:698, [5]:648, [6]:678, [7]:827, [8]:0, [9]:0
I (498) EXAMPLE: ADC1 Calibrated Voltage (mV): [0]:490, [1]:463, [2]:634, [3]:919, [4]:615, [5]:1020, [6]:554, [7]:767, [8]:0, [9]:0
I (508) EXAMPLE: ADC1 Calibrated Voltage (mV): [0]:435, [1]:406, [2]:570, [3]:767, [4]:608, [5]:554, [6]:723, [7]:705, [8]:0, [9]:0
I (518) EXAMPLE: ADC1 Calibrated Voltage (mV): [0]:355, [1]:295, [2]:443, [3]:916, [4]:759, [5]:1035, [6]:249, [7]:655, [8]:0, [9]:0
I (528) EXAMPLE: ADC1 Calibrated Voltage (mV): [0]:342, [1]:266, [2]:390, [3]:652, [4]:934, [5]:364, [6]:301, [7]:677, [8]:0, [9]:0
I (538) EXAMPLE: ADC1 Calibrated Voltage (mV): [0]:343, [1]:290, [2]:387, [3]:618, [4]:702, [5]:773, [6]:266, [7]:672, [8]:0, [9]:0
I (558) EXAMPLE: ADC1 Calibrated Voltage (mV): [0]:333, [1]:295, [2]:385, [3]:830, [4]:250, [5]:309, [6]:976, [7]:674, [8]:0, [9]:0
I (568) EXAMPLE: ADC1 Calibrated Voltage (mV): [0]:335, [1]:266, [2]:391, [3]:284, [4]:1010, [5]:260, [6]:862, [7]:677, [8]:0, [9]:0
I (578) EXAMPLE: ADC1 Calibrated Voltage (mV): [0]:336, [1]:299, [2]:391, [3]:468, [4]:886, [5]:973, [6]:702, [7]:702, [8]:0, [9]:0
I (588) EXAMPLE: ADC1 Calibrated Voltage (mV): [0]:352, [1]:296, [2]:383, [3]:584, [4]:870, [5]:723, [6]:396, [7]:695, [8]:0, [9]:0
I (598) EXAMPLE: ADC1 Calibrated Voltage (mV): [0]:335, [1]:293, [2]:386, [3]:449, [4]:684, [5]:301, [6]:504, [7]:709, [8]:0, [9]:0
I (608) EXAMPLE: ADC1 Calibrated Voltage (mV): [0]:339, [1]:266, [2]:384, [3]:591, [4]:382, [5]:993, [6]:552, [7]:666, [8]:0, [9]:0
I (628) EXAMPLE: ADC1 Calibrated Voltage (mV): [0]:335, [1]:265, [2]:386, [3]:554, [4]:280, [5]:352, [6]:511, [7]:692, [8]:0, [9]:0
I (638) EXAMPLE: ADC1 Calibrated Voltage (mV): [0]:333, [1]:262, [2]:385, [3]:944, [4]:952, [5]:366, [6]:688, [7]:679, [8]:0, [9]:0
I (648) EXAMPLE: ADC1 Calibrated Voltage (mV): [0]:334, [1]:293, [2]:378, [3]:905, [4]:864, [5]:591, [6]:938, [7]:697, [8]:0, [9]:0
I (658) EXAMPLE: ADC1 Calibrated Voltage (mV): [0]:327, [1]:289, [2]:386, [3]:593, [4]:554, [5]:218, [6]:374, [7]:658, [8]:0, [9]:0
I (668) EXAMPLE: ADC1 Calibrated Voltage (mV): [0]:328, [1]:264, [2]:390, [3]:374, [4]:977, [5]:629, [6]:302, [7]:678, [8]:0, [9]:0
I (678) EXAMPLE: ADC1 Calibrated Voltage (mV): [0]:341, [1]:264, [2]:390, [3]:523, [4]:912, [5]:995, [6]:914, [7]:666, [8]:0, [9]:0
I (698) EXAMPLE: ADC1 Calibrated Voltage (mV): [0]:339, [1]:268, [2]:385, [3]:697, [4]:934, [5]:513, [6]:282, [7]:658, [8]:0, [9]:0
I (708) EXAMPLE: ADC1 Calibrated Voltage (mV): [0]:332, [1]:290, [2]:385, [3]:447, [4]:537, [5]:783, [6]:471, [7]:669, [8]:0, [9]:0
I (718) EXAMPLE: ADC1 Calibrated Voltage (mV): [0]:338, [1]:259, [2]:389, [3]:475, [4]:323, [5]:551, [6]:976, [7]:681, [8]:0, [9]:0
I (728) EXAMPLE: ADC1 Calibrated Voltage (mV): [0]:335, [1]:294, [2]:388, [3]:290, [4]:715, [5]:712, [6]:447, [7]:672, [8]:0, [9]:0
I (738) EXAMPLE: ADC1 Calibrated Voltage (mV): [0]:335, [1]:261, [2]:381, [3]:551, [4]:643, [5]:870, [6]:351, [7]:659, [8]:0, [9]:0
I (748) EXAMPLE: ADC1 Calibrated Voltage (mV): [0]:331, [1]:266, [2]:393, [3]:328, [4]:932, [5]:387, [6]:693, [7]:636, [8]:0, [9]:0
I (758) EXAMPLE: ADC1 Calibrated Voltage (mV): [0]:335, [1]:293, [2]:382, [3]:1038, [4]:900, [5]:504, [6]:871, [7]:682, [8]:0, [9]:0
I (778) EXAMPLE: ADC1 Calibrated Voltage (mV): [0]:344, [1]:271, [2]:393, [3]:873, [4]:1034, [5]:796, [6]:872, [7]:660, [8]:0, [9]:0
I (788) EXAMPLE: ADC1 Calibrated Voltage (mV): [0]:327, [1]:290, [2]:380, [3]:886, [4]:696, [5]:843, [6]:563, [7]:678, [8]:0, [9]:0
I (798) EXAMPLE: ADC1 Calibrated Voltage (mV): [0]:336, [1]:293, [2]:392, [3]:347, [4]:785, [5]:266, [6]:668, [7]:691, [8]:0, [9]:0
I (808) EXAMPLE: ADC1 Calibrated Voltage (mV): [0]:332, [1]:290, [2]:385, [3]:533, [4]:637, [5]:911, [6]:857, [7]:680, [8]:0, [9]:0
I (818) EXAMPLE: ADC1 Calibrated Voltage (mV): [0]:334, [1]:289, [2]:391, [3]:307, [4]:834, [5]:944, [6]:707, [7]:686, [8]:0, [9]:0
I (828) EXAMPLE: ADC1 Calibrated Voltage (mV): [0]:340, [1]:294, [2]:386, [3]:848, [4]:935, [5]:264, [6]:674, [7]:700, [8]:0, [9]:0
I (848) EXAMPLE: ADC1 Calibrated Voltage (mV): [0]:335, [1]:286, [2]:386, [3]:526, [4]:351, [5]:934, [6]:1023, [7]:664, [8]:0, [9]:0
I (858) EXAMPLE: ADC1 Calibrated Voltage (mV): [0]:342, [1]:268, [2]:394, [3]:323, [4]:442, [5]:302, [6]:516, [7]:698, [8]:0, [9]:0
I (868) EXAMPLE: ADC1 Calibrated Voltage (mV): [0]:328, [1]:264, [2]:378, [3]:667, [4]:820, [5]:715, [6]:1083, [7]:667, [8]:0, [9]:0
I (878) EXAMPLE: ADC1 Calibrated Voltage (mV): [0]:335, [1]:269, [2]:389, [3]:463, [4]:590, [5]:459, [6]:256, [7]:682, [8]:0, [9]:0
I (888) EXAMPLE: ADC1 Calibrated Voltage (mV): [0]:338, [1]:264, [2]:385, [3]:520, [4]:526, [5]:548, [6]:1011, [7]:668, [8]:0, [9]:0
I (898) EXAMPLE: ADC1 Calibrated Voltage (mV): [0]:333, [1]:284, [2]:383, [3]:516, [4]:776, [5]:749, [6]:418, [7]:667, [8]:0, [9]:0
I (908) EXAMPLE: ADC1 Calibrated Voltage (mV): [0]:328, [1]:259, [2]:385, [3]:526, [4]:637, [5]:928, [6]:561, [7]:693, [8]:0, [9]:0
I (928) EXAMPLE: ADC1 Calibrated Voltage (mV): [0]:342, [1]:268, [2]:381, [3]:776, [4]:844, [5]:948, [6]:338, [7]:673, [8]:0, [9]:0
I (938) EXAMPLE: ADC1 Calibrated Voltage (mV): [0]:329, [1]:290, [2]:398, [3]:262, [4]:533, [5]:397, [6]:654, [7]:653, [8]:0, [9]:0
I (948) EXAMPLE: ADC1 Calibrated Voltage (mV): [0]:328, [1]:289, [2]:379, [3]:777, [4]:1003, [5]:758, [6]:499, [7]:709, [8]:0, [9]:0
I (958) EXAMPLE: ADC1 Calibrated Voltage (mV): [0]:332, [1]:266, [2]:391, [3]:305, [4]:853, [5]:848, [6]:458, [7]:681, [8]:0, [9]:0
I (968) EXAMPLE: ADC1 Calibrated Voltage (mV): [0]:330, [1]:266, [2]:389, [3]:315, [4]:963, [5]:813, [6]:357, [7]:683, [8]:0, [9]:0
I (978) EXAMPLE: ADC1 Calibrated Voltage (mV): [0]:333, [1]:257, [2]:385, [3]:295, [4]:317, [5]:771, [6]:868, [7]:664, [8]:0, [9]:0
I (998) EXAMPLE: ADC1 Calibrated Voltage (mV): [0]:331, [1]:264, [2]:379, [3]:852, [4]:1049, [5]:540, [6]:366, [7]:663, [8]:0, [9]:0
I (1008) EXAMPLE: ADC1 Calibrated Voltage (mV): [0]:335, [1]:293, [2]:383, [3]:280, [4]:531, [5]:249, [6]:403, [7]:644, [8]:0, [9]:0
I (1018) EXAMPLE: ADC1 Calibrated Voltage (mV): [0]:330, [1]:262, [2]:389, [3]:630, [4]:658, [5]:672, [6]:1028, [7]:681, [8]:0, [9]:0
I (1028) EXAMPLE: ADC1 Calibrated Voltage (mV): [0]:336, [1]:265, [2]:377, [3]:756, [4]:896, [5]:991, [6]:523, [7]:649, [8]:0, [9]:0
I (1038) EXAMPLE: ADC1 Calibrated Voltage (mV): [0]:339, [1]:262, [2]:390, [3]:942, [4]:447, [5]:693, [6]:948, [7]:664, [8]:0, [9]:0
I (1048) EXAMPLE: ADC1 Calibrated Voltage (mV): [0]:343, [1]:293, [2]:391, [3]:255, [4]:1007, [5]:601, [6]:760, [7]:683, [8]:0, [9]:0
I (1068) EXAMPLE: ADC1 Calibrated Voltage (mV): [0]:340, [1]:265, [2]:385, [3]:326, [4]:807, [5]:432, [6]:470, [7]:671, [8]:0, [9]:0
I (1078) EXAMPLE: ADC1 Calibrated Voltage (mV): [0]:337, [1]:260, [2]:392, [3]:543, [4]:723, [5]:729, [6]:511, [7]:664, [8]:0, [9]:0
I (1088) EXAMPLE: ADC1 Calibrated Voltage (mV): [0]:336, [1]:293, [2]:383, [3]:256, [4]:255, [5]:729, [6]:320, [7]:662, [8]:0, [9]:0
I (1098) EXAMPLE: ADC1 Calibrated Voltage (mV): [0]:340, [1]:295, [2]:388, [3]:422, [4]:304, [5]:539, [6]:797, [7]:706, [8]:0, [9]:0
I (1108) EXAMPLE: ADC1 Calibrated Voltage (mV): [0]:332, [1]:290, [2]:392, [3]:361, [4]:800, [5]:1038, [6]:680, [7]:669, [8]:0, [9]:0
I (1118) EXAMPLE: ADC1 Calibrated Voltage (mV): [0]:326, [1]:286, [2]:379, [3]:908, [4]:973, [5]:760, [6]:237, [7]:640, [8]:0, [9]:0
I (1138) EXAMPLE: ADC1 Calibrated Voltage (mV): [0]:332, [1]:262, [2]:388, [3]:516, [4]:1004, [5]:300, [6]:460, [7]:674, [8]:0, [9]:0
I (1148) EXAMPLE: ADC1 Calibrated Voltage (mV): [0]:337, [1]:286, [2]:376, [3]:854, [4]:320, [5]:333, [6]:395, [7]:671, [8]:0, [9]:0
I (1158) EXAMPLE: ADC1 Calibrated Voltage (mV): [0]:336, [1]:294, [2]:391, [3]:300, [4]:733, [5]:509, [6]:1006, [7]:669, [8]:0, [9]:0
I (1168) EXAMPLE: ADC1 Calibrated Voltage (mV): [0]:332, [1]:289, [2]:383, [3]:552, [4]:405, [5]:275, [6]:456, [7]:672, [8]:0, [9]:0
I (1178) EXAMPLE: ADC1 Calibrated Voltage (mV): [0]:335, [1]:286, [2]:382, [3]:747, [4]:364, [5]:768, [6]:679, [7]:664, [8]:0, [9]:0
I (1188) EXAMPLE: ADC1 Calibrated Voltage (mV): [0]:350, [1]:297, [2]:386, [3]:1007, [4]:281, [5]:653, [6]:710, [7]:718, [8]:0, [9]:0
I (1208) EXAMPLE: ADC1 Calibrated Voltage (mV): [0]:333, [1]:264, [2]:383, [3]:629, [4]:655, [5]:935, [6]:298, [7]:687, [8]:0, [9]:0
I (1218) EXAMPLE: ADC1 Calibrated Voltage (mV): [0]:341, [1]:290, [2]:391, [3]:440, [4]:633, [5]:409, [6]:307, [7]:691, [8]:0, [9]:0
I (1228) EXAMPLE: ADC1 Calibrated Voltage (mV): [0]:336, [1]:290, [2]:380, [3]:986, [4]:580, [5]:753, [6]:551, [7]:685, [8]:0, [9]:0
I (1238) EXAMPLE: ADC1 Calibrated Voltage (mV): [0]:339, [1]:270, [2]:382, [3]:830, [4]:624, [5]:760, [6]:552, [7]:684, [8]:0, [9]:0
I (1248) EXAMPLE: ADC1 Calibrated Voltage (mV): [0]:341, [1]:267, [2]:394, [3]:830, [4]:726, [5]:250, [6]:556, [7]:685, [8]:0, [9]:0
I (1258) EXAMPLE: ADC1 Calibrated Voltage (mV): [0]:335, [1]:262, [2]:381, [3]:878, [4]:381, [5]:432, [6]:391, [7]:696, [8]:0, [9]:0
I (1278) EXAMPLE: ADC1 Calibrated Voltage (mV): [0]:343, [1]:271, [2]:381, [3]:991, [4]:278, [5]:319, [6]:742, [7]:673, [8]:0, [9]:0
I (1288) EXAMPLE: ADC1 Calibrated Voltage (mV): [0]:325, [1]:286, [2]:379, [3]:1004, [4]:739, [5]:1010, [6]:536, [7]:643, [8]:0, [9]:0
I (1298) EXAMPLE: ADC1 Calibrated Voltage (mV): [0]:333, [1]:260, [2]:385, [3]:595, [4]:938, [5]:1049, [6]:951, [7]:663, [8]:0, [9]:0
I (1308) EXAMPLE: ADC1 Calibrated Voltage (mV): [0]:332, [1]:265, [2]:375, [3]:771, [4]:487, [5]:839, [6]:347, [7]:678, [8]:0, [9]:0
I (1318) EXAMPLE: ADC1 Calibrated Voltage (mV): [0]:332, [1]:289, [2]:378, [3]:1007, [4]:887, [5]:342, [6]:323, [7]:652, [8]:0, [9]:0
I (1328) EXAMPLE: ADC1 Calibrated Voltage (mV): [0]:342, [1]:264, [2]:388, [3]:370, [4]:829, [5]:348, [6]:852, [7]:665, [8]:0, [9]:0
I (1348) EXAMPLE: ADC1 Calibrated Voltage (mV): [0]:333, [1]:259, [2]:380, [3]:952, [4]:385, [5]:356, [6]:777, [7]:667, [8]:0, [9]:0
I (1358) EXAMPLE: ADC1 Calibrated Voltage (mV): [0]:339, [1]:266, [2]:395, [3]:500, [4]:824, [5]:692, [6]:296, [7]:673, [8]:0, [9]:0
I (1368) EXAMPLE: ADC1 Calibrated Voltage (mV): [0]:323, [1]:288, [2]:384, [3]:445, [4]:642, [5]:1013, [6]:497, [7]:654, [8]:0, [9]:0
I (1378) EXAMPLE: ADC1 Calibrated Voltage (mV): [0]:339, [1]:265, [2]:385, [3]:417, [4]:878, [5]:951, [6]:669, [7]:684, [8]:0, [9]:0
I (1388) EXAMPLE: ADC1 Calibrated Voltage (mV): [0]:336, [1]:293, [2]:386, [3]:490, [4]:260, [5]:276, [6]:337, [7]:659, [8]:0, [9]:0
I (1398) EXAMPLE: ADC1 Calibrated Voltage (mV): [0]:326, [1]:259, [2]:384, [3]:379, [4]:776, [5]:836, [6]:772, [7]:630, [8]:0, [9]:0
I (1418) EXAMPLE: ADC1 Calibrated Voltage (mV): [0]:332, [1]:262, [2]:379, [3]:795, [4]:977, [5]:247, [6]:453, [7]:662, [8]:0, [9]:0
I (1428) EXAMPLE: ADC1 Calibrated Voltage (mV): [0]:341, [1]:267, [2]:380, [3]:572, [4]:371, [5]:709, [6]:268, [7]:671, [8]:0, [9]:0
I (1438) EXAMPLE: ADC1 Calibrated Voltage (mV): [0]:335, [1]:265, [2]:384, [3]:882, [4]:467, [5]:448, [6]:994, [7]:677, [8]:0, [9]:0
I (1448) EXAMPLE: ADC1 Calibrated Voltage (mV): [0]:332, [1]:291, [2]:376, [3]:850, [4]:1011, [5]:483, [6]:513, [7]:676, [8]:0, [9]:0
I (1458) EXAMPLE: ADC1 Calibrated Voltage (mV): [0]:332, [1]:262, [2]:380, [3]:552, [4]:545, [5]:456, [6]:475, [7]:659, [8]:0, [9]:0
I (1468) EXAMPLE: ADC1 Calibrated Voltage (mV): [0]:336, [1]:289, [2]:383, [3]:710, [4]:338, [5]:591, [6]:611, [7]:665, [8]:0, [9]:0
I (1488) EXAMPLE: ADC1 Calibrated Voltage (mV): [0]:326, [1]:283, [2]:379, [3]:942, [4]:271, [5]:925, [6]:284, [7]:663, [8]:0, [9]:0
I (1498) EXAMPLE: ADC1 Calibrated Voltage (mV): [0]:328, [1]:286, [2]:387, [3]:973, [4]:897, [5]:890, [6]:399, [7]:647, [8]:0, [9]:0
I (1508) EXAMPLE: ADC1 Calibrated Voltage (mV): [0]:342, [1]:293, [2]:381, [3]:740, [4]:245, [5]:976, [6]:778, [7]:686, [8]:0, [9]:0
I (1518) EXAMPLE: ADC1 Calibrated Voltage (mV): [0]:331, [1]:291, [2]:385, [3]:413, [4]:952, [5]:671, [6]:933, [7]:659, [8]:0, [9]:0
I (1528) EXAMPLE: ADC1 Calibrated Voltage (mV): [0]:333, [1]:257, [2]:390, [3]:338, [4]:676, [5]:892, [6]:1013, [7]:673, [8]:0, [9]:0
I (1538) EXAMPLE: ADC1 Calibrated Voltage (mV): [0]:337, [1]:261, [2]:388, [3]:350, [4]:545, [5]:831, [6]:900, [7]:669, [8]:0, [9]:0
I (1558) EXAMPLE: ADC1 Calibrated Voltage (mV): [0]:339, [1]:261, [2]:385, [3]:911, [4]:896, [5]:925, [6]:978, [7]:661, [8]:0, [9]:0
I (1568) EXAMPLE: ADC1 Calibrated Voltage (mV): [0]:334, [1]:261, [2]:383, [3]:681, [4]:582, [5]:653, [6]:983, [7]:683, [8]:0, [9]:0
I (1578) EXAMPLE: ADC1 Calibrated Voltage (mV): [0]:332, [1]:290, [2]:385, [3]:365, [4]:869, [5]:461, [6]:367, [7]:650, [8]:0, [9]:0
I (1588) EXAMPLE: ADC1 Calibrated Voltage (mV): [0]:341, [1]:265, [2]:385, [3]:351, [4]:323, [5]:452, [6]:518, [7]:682, [8]:0, [9]:0
I (1598) EXAMPLE: ADC1 Calibrated Voltage (mV): [0]:326, [1]:260, [2]:380, [3]:467, [4]:264, [5]:787, [6]:545, [7]:653, [8]:0, [9]:0
I (1608) EXAMPLE: ADC1 Calibrated Voltage (mV): [0]:329, [1]:259, [2]:386, [3]:284, [4]:600, [5]:275, [6]:207, [7]:663, [8]:0, [9]:0
I (1618) EXAMPLE: ADC1 Calibrated Voltage (mV): [0]:337, [1]:294, [2]:376, [3]:754, [4]:975, [5]:438, [6]:597, [7]:679, [8]:0, [9]:0
I (1638) EXAMPLE: ADC1 Calibrated Voltage (mV): [0]:333, [1]:266, [2]:386, [3]:309, [4]:299, [5]:457, [6]:480, [7]:684, [8]:0, [9]:0
I (1648) EXAMPLE: ADC1 Calibrated Voltage (mV): [0]:329, [1]:260, [2]:384, [3]:394, [4]:803, [5]:622, [6]:901, [7]:657, [8]:0, [9]:0
I (1658) EXAMPLE: ADC1 Calibrated Voltage (mV): [0]:337, [1]:269, [2]:385, [3]:938, [4]:578, [5]:404, [6]:399, [7]:705, [8]:0, [9]:0
I (1668) EXAMPLE: ADC1 Calibrated Voltage (mV): [0]:341, [1]:266, [2]:379, [3]:974, [4]:341, [5]:376, [6]:954, [7]:683, [8]:0, [9]:0
I (1678) EXAMPLE: ADC1 Calibrated Voltage (mV): [0]:324, [1]:257, [2]:384, [3]:539, [4]:384, [5]:260, [6]:293, [7]:659, [8]:0, [9]:0
I (1688) EXAMPLE: ADC1 Calibrated Voltage (mV): [0]:342, [1]:298, [2]:380, [3]:906, [4]:625, [5]:252, [6]:306, [7]:672, [8]:0, [9]:0
I (1708) EXAMPLE: ADC1 Calibrated Voltage (mV): [0]:328, [1]:259, [2]:379, [3]:967, [4]:904, [5]:727, [6]:887, [7]:674, [8]:0, [9]:0
I (1718) EXAMPLE: ADC1 Calibrated Voltage (mV): [0]:335, [1]:286, [2]:391, [3]:290, [4]:239, [5]:896, [6]:830, [7]:688, [8]:0, [9]:0
I (1728) EXAMPLE: ADC1 Calibrated Voltage (mV): [0]:340, [1]:260, [2]:385, [3]:416, [4]:712, [5]:395, [6]:735, [7]:682, [8]:0, [9]:0
I (1738) EXAMPLE: ADC1 Calibrated Voltage (mV): [0]:342, [1]:269, [2]:390, [3]:580, [4]:759, [5]:442, [6]:294, [7]:691, [8]:0, [9]:0
I (1748) EXAMPLE: ADC1 Calibrated Voltage (mV): [0]:335, [1]:266, [2]:384, [3]:582, [4]:750, [5]:814, [6]:800, [7]:683, [8]:0, [9]:0
I (1758) EXAMPLE: ADC1 Calibrated Voltage (mV): [0]:330, [1]:260, [2]:384, [3]:452, [4]:719, [5]:747, [6]:957, [7]:673, [8]:0, [9]:0
I (1778) EXAMPLE: ADC1 Calibrated Voltage (mV): [0]:342, [1]:269, [2]:389, [3]:286, [4]:991, [5]:1042, [6]:975, [7]:660, [8]:0, [9]:0
I (1788) EXAMPLE: ADC1 Calibrated Voltage (mV): [0]:327, [1]:257, [2]:374, [3]:988, [4]:822, [5]:453, [6]:326, [7]:648, [8]:0, [9]:0
I (1798) EXAMPLE: ADC1 Calibrated Voltage (mV): [0]:336, [1]:291, [2]:379, [3]:827, [4]:393, [5]:227, [6]:272, [7]:663, [8]:0, [9]:0
I (1808) EXAMPLE: ADC1 Calibrated Voltage (mV): [0]:325, [1]:264, [2]:375, [3]:1028, [4]:894, [5]:510, [6]:357, [7]:663, [8]:0, [9]:0
I (1818) EXAMPLE: ADC1 Calibrated Voltage (mV): [0]:327, [1]:259, [2]:382, [3]:513, [4]:1019, [5]:733, [6]:553, [7]:653, [8]:0, [9]:0
I (1828) EXAMPLE: ADC1 Calibrated Voltage (mV): [0]:335, [1]:260, [2]:389, [3]:414, [4]:842, [5]:499, [6]:454, [7]:690, [8]:0, [9]:0
I (1848) EXAMPLE: ADC1 Calibrated Voltage (mV): [0]:333, [1]:289, [2]:383, [3]:730, [4]:736, [5]:788, [6]:642, [7]:668, [8]:0, [9]:0
I (1858) EXAMPLE: ADC1 Calibrated Voltage (mV): [0]:338, [1]:289, [2]:381, [3]:901, [4]:584, [5]:442, [6]:855, [7]:661, [8]:0, [9]:0
I (1868) EXAMPLE: ADC1 Calibrated Voltage (mV): [0]:333, [1]:261, [2]:379, [3]:854, [4]:669, [5]:537, [6]:333, [7]:650, [8]:0, [9]:0
I (1878) EXAMPLE: ADC1 Calibrated Voltage (mV): [0]:339, [1]:262, [2]:385, [3]:434, [4]:250, [5]:722, [6]:873, [7]:683, [8]:0, [9]:0
I (1888) EXAMPLE: ADC1 Calibrated Voltage (mV): [0]:331, [1]:256, [2]:386, [3]:434, [4]:508, [5]:557, [6]:821, [7]:647, [8]:0, [9]:0
I (1898) EXAMPLE: ADC1 Calibrated Voltage (mV): [0]:338, [1]:289, [2]:384, [3]:443, [4]:307, [5]:963, [6]:736, [7]:726, [8]:0, [9]:0
I (1918) EXAMPLE: ADC1 Calibrated Voltage (mV): [0]:329, [1]:289, [2]:385, [3]:516, [4]:723, [5]:659, [6]:936, [7]:669, [8]:0, [9]:0
I (1928) EXAMPLE: ADC1 Calibrated Voltage (mV): [0]:336, [1]:261, [2]:378, [3]:868, [4]:817, [5]:748, [6]:777, [7]:672, [8]:0, [9]:0
I (1938) EXAMPLE: ADC1 Calibrated Voltage (mV): [0]:330, [1]:267, [2]:379, [3]:736, [4]:629, [5]:288, [6]:800, [7]:653, [8]:0, [9]:0
I (1948) EXAMPLE: ADC1 Calibrated Voltage (mV): [0]:328, [1]:289, [2]:381, [3]:453, [4]:317, [5]:246, [6]:835, [7]:659, [8]:0, [9]:0
I (1958) EXAMPLE: ADC1 Calibrated Voltage (mV): [0]:341, [1]:290, [2]:382, [3]:578, [4]:274, [5]:505, [6]:554, [7]:687, [8]:0, [9]:0
I (1968) EXAMPLE: ADC1 Calibrated Voltage (mV): [0]:336, [1]:288, [2]:383, [3]:592, [4]:485, [5]:787, [6]:667, [7]:657, [8]:0, [9]:0
I (1988) EXAMPLE: ADC1 Calibrated Voltage (mV): [0]:333, [1]:266, [2]:379, [3]:717, [4]:693, [5]:864, [6]:817, [7]:686, [8]:0, [9]:0
I (1998) EXAMPLE: ADC1 Calibrated Voltage (mV): [0]:333, [1]:269, [2]:383, [3]:649, [4]:343, [5]:842, [6]:570, [7]:707, [8]:0, [9]:0
I (2008) EXAMPLE: ADC1 Calibrated Voltage (mV): [0]:342, [1]:266, [2]:380, [3]:659, [4]:262, [5]:398, [6]:858, [7]:678, [8]:0, [9]:0
I (2018) EXAMPLE: ADC1 Calibrated Voltage (mV): [0]:330, [1]:259, [2]:378, [3]:736, [4]:843, [5]:604, [6]:480, [7]:654, [8]:0, [9]:0
I (2028) EXAMPLE: ADC1 Calibrated Voltage (mV): [0]:330, [1]:260, [2]:389, [3]:383, [4]:949, [5]:924, [6]:611, [7]:707, [8]:0, [9]:0
I (2038) EXAMPLE: ADC1 Calibrated Voltage (mV): [0]:339, [1]:290, [2]:384, [3]:436, [4]:257, [5]:912, [6]:541, [7]:669, [8]:0, [9]:0
I (2058) EXAMPLE: ADC1 Calibrated Voltage (mV): [0]:332, [1]:259, [2]:385, [3]:426, [4]:313, [5]:946, [6]:1043, [7]:660, [8]:0, [9]:0
I (2068) EXAMPLE: ADC1 Calibrated Voltage (mV): [0]:329, [1]:260, [2]:375, [3]:857, [4]:1035, [5]:729, [6]:697, [7]:640, [8]:0, [9]:0
I (2078) EXAMPLE: ADC1 Calibrated Voltage (mV): [0]:335, [1]:264, [2]:378, [3]:953, [4]:563, [5]:701, [6]:634, [7]:668, [8]:0, [9]:0
I (2088) EXAMPLE: ADC1 Calibrated Voltage (mV): [0]:341, [1]:263, [2]:386, [3]:279, [4]:620, [5]:525, [6]:742, [7]:677, [8]:0, [9]:0
I (2098) EXAMPLE: ADC1 Calibrated Voltage (mV): [0]:336, [1]:263, [2]:385, [3]:551, [4]:471, [5]:830, [6]:915, [7]:666, [8]:0, [9]:0
I (2108) EXAMPLE: ADC1 Calibrated Voltage (mV): [0]:333, [1]:260, [2]:383, [3]:719, [4]:332, [5]:973, [6]:763, [7]:658, [8]:0, [9]:0
I (2128) EXAMPLE: ADC1 Calibrated Voltage (mV): [0]:338, [1]:288, [2]:386, [3]:374, [4]:631, [5]:911, [6]:1000, [7]:668, [8]:0, [9]:0
I (2138) EXAMPLE: ADC1 Calibrated Voltage (mV): [0]:330, [1]:290, [2]:380, [3]:663, [4]:776, [5]:472, [6]:492, [7]:653, [8]:0, [9]:0
I (2148) EXAMPLE: ADC1 Calibrated Voltage (mV): [0]:331, [1]:281, [2]:381, [3]:354, [4]:581, [5]:762, [6]:259, [7]:651, [8]:0, [9]:0
I (2158) EXAMPLE: ADC1 Calibrated Voltage (mV): [0]:335, [1]:294, [2]:383, [3]:628, [4]:563, [5]:982, [6]:948, [7]:659, [8]:0, [9]:0
I (2168) EXAMPLE: ADC1 Calibrated Voltage (mV): [0]:335, [1]:290, [2]:381, [3]:734, [4]:853, [5]:694, [6]:280, [7]:671, [8]:0, [9]:0
I (2178) EXAMPLE: ADC1 Calibrated Voltage (mV): [0]:327, [1]:256, [2]:387, [3]:243, [4]:450, [5]:787, [6]:585, [7]:649, [8]:0, [9]:0
I (2198) EXAMPLE: ADC1 Calibrated Voltage (mV): [0]:343, [1]:290, [2]:386, [3]:577, [4]:594, [5]:1047, [6]:824, [7]:707, [8]:0, [9]:0
I (2208) EXAMPLE: ADC1 Calibrated Voltage (mV): [0]:335, [1]:259, [2]:388, [3]:994, [4]:260, [5]:623, [6]:842, [7]:682, [8]:0, [9]:0
I (2218) EXAMPLE: ADC1 Calibrated Voltage (mV): [0]:334, [1]:264, [2]:380, [3]:855, [4]:772, [5]:1004, [6]:251, [7]:678, [8]:0, [9]:0
I (2228) EXAMPLE: ADC1 Calibrated Voltage (mV): [0]:333, [1]:262, [2]:385, [3]:470, [4]:510, [5]:371, [6]:395, [7]:693, [8]:0, [9]:0
I (2238) EXAMPLE: ADC1 Calibrated Voltage (mV): [0]:328, [1]:256, [2]:378, [3]:830, [4]:1035, [5]:603, [6]:219, [7]:654, [8]:0, [9]:0
I (2248) EXAMPLE: ADC1 Calibrated Voltage (mV): [0]:329, [1]:290, [2]:377, [3]:816, [4]:1023, [5]:473, [6]:259, [7]:661, [8]:0, [9]:0
I (2268) EXAMPLE: ADC1 Calibrated Voltage (mV): [0]:332, [1]:287, [2]:379, [3]:1029, [4]:366, [5]:900, [6]:678, [7]:693, [8]:0, [9]:0
I (2278) EXAMPLE: ADC1 Calibrated Voltage (mV): [0]:343, [1]:293, [2]:379, [3]:708, [4]:606, [5]:440, [6]:812, [7]:661, [8]:0, [9]:0
I (2288) EXAMPLE: ADC1 Calibrated Voltage (mV): [0]:332, [1]:261, [2]:375, [3]:962, [4]:693, [5]:958, [6]:643, [7]:662, [8]:0, [9]:0
I (2298) EXAMPLE: ADC1 Calibrated Voltage (mV): [0]:323, [1]:265, [2]:381, [3]:703, [4]:659, [5]:435, [6]:337, [7]:666, [8]:0, [9]:0
I (2308) EXAMPLE: ADC1 Calibrated Voltage (mV): [0]:341, [1]:293, [2]:384, [3]:545, [4]:266, [5]:891, [6]:531, [7]:664, [8]:0, [9]:0
I (2318) EXAMPLE: ADC1 Calibrated Voltage (mV): [0]:335, [1]:262, [2]:381, [3]:527, [4]:762, [5]:971, [6]:322, [7]:681, [8]:0, [9]:0
I (2338) EXAMPLE: ADC1 Calibrated Voltage (mV): [0]:340, [1]:290, [2]:383, [3]:955, [4]:908, [5]:954, [6]:600, [7]:711, [8]:0, [9]:0
I (2348) EXAMPLE: ADC1 Calibrated Voltage (mV): [0]:326, [1]:260, [2]:374, [3]:844, [4]:796, [5]:793, [6]:396, [7]:680, [8]:0, [9]:0
I (2358) EXAMPLE: ADC1 Calibrated Voltage (mV): [0]:335, [1]:259, [2]:386, [3]:482, [4]:916, [5]:592, [6]:811, [7]:662, [8]:0, [9]:0
I (2368) EXAMPLE: ADC1 Calibrated Voltage (mV): [0]:336, [1]:261, [2]:380, [3]:629, [4]:244, [5]:222, [6]:416, [7]:677, [8]:0, [9]:0
I (2378) EXAMPLE: ADC1 Calibrated Voltage (mV): [0]:325, [1]:259, [2]:386, [3]:622, [4]:242, [5]:759, [6]:270, [7]:646, [8]:0, [9]:0
I (2388) EXAMPLE: ADC1 Calibrated Voltage (mV): [0]:333, [1]:286, [2]:383, [3]:616, [4]:516, [5]:797, [6]:987, [7]:652, [8]:0, [9]:0
I (2408) EXAMPLE: ADC1 Calibrated Voltage (mV): [0]:335, [1]:288, [2]:378, [3]:1028, [4]:601, [5]:568, [6]:434, [7]:659, [8]:0, [9]:0
I (2418) EXAMPLE: ADC1 Calibrated Voltage (mV): [0]:325, [1]:289, [2]:384, [3]:437, [4]:692, [5]:958, [6]:1015, [7]:663, [8]:0, [9]:0
I (2428) EXAMPLE: ADC1 Calibrated Voltage (mV): [0]:341, [1]:293, [2]:379, [3]:669, [4]:578, [5]:1046, [6]:385, [7]:653, [8]:0, [9]:0
I (2438) EXAMPLE: ADC1 Calibrated Voltage (mV): [0]:330, [1]:293, [2]:385, [3]:365, [4]:1010, [5]:630, [6]:323, [7]:659, [8]:0, [9]:0
I (2448) EXAMPLE: ADC1 Calibrated Voltage (mV): [0]:331, [1]:290, [2]:386, [3]:649, [4]:498, [5]:659, [6]:315, [7]:687, [8]:0, [9]:0
I (2458) EXAMPLE: ADC1 Calibrated Voltage (mV): [0]:335, [1]:262, [2]:383, [3]:393, [4]:376, [5]:738, [6]:400, [7]:665, [8]:0, [9]:0
I (2478) EXAMPLE: ADC1 Calibrated Voltage (mV): [0]:328, [1]:289, [2]:384, [3]:981, [4]:792, [5]:539, [6]:334, [7]:698, [8]:0, [9]:0
I (2488) EXAMPLE: ADC1 Calibrated Voltage (mV): [0]:337, [1]:289, [2]:388, [3]:525, [4]:252, [5]:316, [6]:758, [7]:697, [8]:0, [9]:0
I (2498) EXAMPLE: ADC1 Calibrated Voltage (mV): [0]:324, [1]:261, [2]:383, [3]:558, [4]:524, [5]:533, [6]:862, [7]:665, [8]:0, [9]:0
I (2508) EXAMPLE: ADC1 Calibrated Voltage (mV): [0]:343, [1]:293, [2]:382, [3]:617, [4]:1012, [5]:765, [6]:763, [7]:671, [8]:0, [9]:0
I (2518) EXAMPLE: ADC1 Calibrated Voltage (mV): [0]:328, [1]:286, [2]:383, [3]:510, [4]:501, [5]:337, [6]:379, [7]:652, [8]:0, [9]:0
I (2528) EXAMPLE: ADC1 Calibrated Voltage (mV): [0]:335, [1]:290, [2]:385, [3]:525, [4]:570, [5]:543, [6]:466, [7]:696, [8]:0, [9]:0
I (2548) EXAMPLE: ADC1 Calibrated Voltage (mV): [0]:332, [1]:259, [2]:375, [3]:805, [4]:612, [5]:326, [6]:326, [7]:645, [8]:0, [9]:0
I (2558) EXAMPLE: ADC1 Calibrated Voltage (mV): [0]:339, [1]:283, [2]:382, [3]:704, [4]:551, [5]:476, [6]:1051, [7]:683, [8]:0, [9]:0
I (2568) EXAMPLE: ADC1 Calibrated Voltage (mV): [0]:340, [1]:260, [2]:379, [3]:650, [4]:640, [5]:226, [6]:877, [7]:666, [8]:0, [9]:0
I (2578) EXAMPLE: ADC1 Calibrated Voltage (mV): [0]:333, [1]:286, [2]:385, [3]:321, [4]:521, [5]:767, [6]:348, [7]:661, [8]:0, [9]:0
I (2588) EXAMPLE: ADC1 Calibrated Voltage (mV): [0]:331, [1]:290, [2]:384, [3]:547, [4]:783, [5]:294, [6]:281, [7]:683, [8]:0, [9]:0
I (2598) EXAMPLE: ADC1 Calibrated Voltage (mV): [0]:326, [1]:289, [2]:383, [3]:630, [4]:908, [5]:773, [6]:300, [7]:687, [8]:0, [9]:0
I (2618) EXAMPLE: ADC1 Calibrated Voltage (mV): [0]:328, [1]:288, [2]:394, [3]:521, [4]:835, [5]:389, [6]:683, [7]:701, [8]:0, [9]:0
I (2628) EXAMPLE: ADC1 Calibrated Voltage (mV): [0]:332, [1]:290, [2]:384, [3]:475, [4]:766, [5]:272, [6]:485, [7]:658, [8]:0, [9]:0
I (2638) EXAMPLE: ADC1 Calibrated Voltage (mV): [0]:333, [1]:265, [2]:383, [3]:858, [4]:978, [5]:683, [6]:951, [7]:687, [8]:0, [9]:0
I (2648) EXAMPLE: ADC1 Calibrated Voltage (mV): [0]:332, [1]:262, [2]:385, [3]:257, [4]:335, [5]:510, [6]:839, [7]:691, [8]:0, [9]:0
I (2658) EXAMPLE: ADC1 Calibrated Voltage (mV): [0]:328, [1]:260, [2]:381, [3]:982, [4]:755, [5]:294, [6]:726, [7]:686, [8]:0, [9]:0
I (2668) EXAMPLE: ADC1 Calibrated Voltage (mV): [0]:340, [1]:260, [2]:389, [3]:342, [4]:956, [5]:240, [6]:444, [7]:692, [8]:0, [9]:0
I (2678) EXAMPLE: ADC1 Calibrated Voltage (mV): [0]:327, [1]:288, [2]:385, [3]:355, [4]:1026, [5]:994, [6]:1048, [7]:666, [8]:0, [9]:0
I (2698) EXAMPLE: ADC1 Calibrated Voltage (mV): [0]:336, [1]:266, [2]:384, [3]:413, [4]:381, [5]:1024, [6]:425, [7]:662, [8]:0, [9]:0
I (2708) EXAMPLE: ADC1 Calibrated Voltage (mV): [0]:334, [1]:291, [2]:378, [3]:944, [4]:1000, [5]:455, [6]:864, [7]:663, [8]:0, [9]:0
I (2718) EXAMPLE: ADC1 Calibrated Voltage (mV): [0]:341, [1]:265, [2]:383, [3]:523, [4]:285, [5]:696, [6]:719, [7]:688, [8]:0, [9]:0
I (2728) EXAMPLE: ADC1 Calibrated Voltage (mV): [0]:332, [1]:261, [2]:379, [3]:475, [4]:968, [5]:480, [6]:657, [7]:634, [8]:0, [9]:0
I (2738) EXAMPLE: ADC1 Calibrated Voltage (mV): [0]:328, [1]:283, [2]:383, [3]:443, [4]:639, [5]:612, [6]:626, [7]:673, [8]:0, [9]:0
I (2748) EXAMPLE: ADC1 Calibrated Voltage (mV): [0]:332, [1]:283, [2]:380, [3]:1030, [4]:611, [5]:301, [6]:245, [7]:668, [8]:0, [9]:0
I (2768) EXAMPLE: ADC1 Calibrated Voltage (mV): [0]:333, [1]:260, [2]:375, [3]:796, [4]:588, [5]:557, [6]:343, [7]:655, [8]:0, [9]:0
I (2778) EXAMPLE: ADC1 Calibrated Voltage (mV): [0]:342, [1]:264, [2]:383, [3]:518, [4]:874, [5]:482, [6]:991, [7]:663, [8]:0, [9]:0
I (2788) EXAMPLE: ADC1 Calibrated Voltage (mV): [0]:328, [1]:286, [2]:385, [3]:271, [4]:905, [5]:855, [6]:1028, [7]:686, [8]:0, [9]:0
I (2798) EXAMPLE: ADC1 Calibrated Voltage (mV): [0]:329, [1]:264, [2]:390, [3]:305, [4]:261, [5]:508, [6]:775, [7]:697, [8]:0, [9]:0
I (2808) EXAMPLE: ADC1 Calibrated Voltage (mV): [0]:350, [1]:293, [2]:379, [3]:916, [4]:797, [5]:565, [6]:735, [7]:665, [8]:0, [9]:0
I (2818) EXAMPLE: ADC1 Calibrated Voltage (mV): [0]:337, [1]:262, [2]:385, [3]:416, [4]:1035, [5]:792, [6]:734, [7]:684, [8]:0, [9]:0
I (2838) EXAMPLE: ADC1 Calibrated Voltage (mV): [0]:338, [1]:285, [2]:385, [3]:524, [4]:976, [5]:801, [6]:654, [7]:659, [8]:0, [9]:0
I (2848) EXAMPLE: ADC1 Calibrated Voltage (mV): [0]:328, [1]:257, [2]:386, [3]:361, [4]:313, [5]:257, [6]:894, [7]:674, [8]:0, [9]:0
I (2858) EXAMPLE: ADC1 Calibrated Voltage (mV): [0]:332, [1]:288, [2]:384, [3]:621, [4]:477, [5]:951, [6]:342, [7]:693, [8]:0, [9]:0
I (2868) EXAMPLE: ADC1 Calibrated Voltage (mV): [0]:333, [1]:260, [2]:381, [3]:539, [4]:1056, [5]:567, [6]:240, [7]:664, [8]:0, [9]:0
I (2878) EXAMPLE: ADC1 Calibrated Voltage (mV): [0]:335, [1]:259, [2]:375, [3]:883, [4]:954, [5]:826, [6]:246, [7]:658, [8]:0, [9]:0
I (2888) EXAMPLE: ADC1 Calibrated Voltage (mV): [0]:335, [1]:260, [2]:384, [3]:527, [4]:586, [5]:987, [6]:663, [7]:673, [8]:0, [9]:0
I (2908) EXAMPLE: ADC1 Calibrated Voltage (mV): [0]:335, [1]:283, [2]:389, [3]:351, [4]:919, [5]:259, [6]:984, [7]:677, [8]:0, [9]:0
I (2918) EXAMPLE: ADC1 Calibrated Voltage (mV): [0]:330, [1]:262, [2]:382, [3]:952, [4]:500, [5]:836, [6]:428, [7]:671, [8]:0, [9]:0
I (2928) EXAMPLE: ADC1 Calibrated Voltage (mV): [0]:338, [1]:265, [2]:376, [3]:833, [4]:711, [5]:231, [6]:777, [7]:668, [8]:0, [9]:0
I (2938) EXAMPLE: ADC1 Calibrated Voltage (mV): [0]:339, [1]:286, [2]:380, [3]:893, [4]:279, [5]:432, [6]:841, [7]:674, [8]:0, [9]:0
I (2948) EXAMPLE: ADC1 Calibrated Voltage (mV): [0]:333, [1]:260, [2]:381, [3]:679, [4]:781, [5]:662, [6]:591, [7]:683, [8]:0, [9]:0
I (2958) EXAMPLE: ADC1 Calibrated Voltage (mV): [0]:338, [1]:266, [2]:377, [3]:940, [4]:226, [5]:1014, [6]:680, [7]:685, [8]:0, [9]:0
I (2978) EXAMPLE: ADC1 Calibrated Voltage (mV): [0]:332, [1]:286, [2]:381, [3]:837, [4]:1026, [5]:425, [6]:982, [7]:669, [8]:0, [9]:0
I (2988) EXAMPLE: ADC1 Calibrated Voltage (mV): [0]:329, [1]:289, [2]:386, [3]:396, [4]:247, [5]:354, [6]:654, [7]:678, [8]:0, [9]:0
I (2998) EXAMPLE: ADC1 Calibrated Voltage (mV): [0]:336, [1]:290, [2]:392, [3]:663, [4]:803, [5]:255, [6]:288, [7]:663, [8]:0, [9]:0
I (3008) EXAMPLE: ADC1 Calibrated Voltage (mV): [0]:336, [1]:264, [2]:375, [3]:830, [4]:361, [5]:1044, [6]:323, [7]:679, [8]:0, [9]:0
I (3018) EXAMPLE: ADC1 Calibrated Voltage (mV): [0]:327, [1]:259, [2]:384, [3]:350, [4]:872, [5]:379, [6]:848, [7]:661, [8]:0, [9]:0
I (3028) EXAMPLE: ADC1 Calibrated Voltage (mV): [0]:324, [1]:261, [2]:377, [3]:734, [4]:604, [5]:886, [6]:987, [7]:659, [8]:0, [9]:0
I (3048) EXAMPLE: ADC1 Calibrated Voltage (mV): [0]:340, [1]:265, [2]:386, [3]:483, [4]:777, [5]:449, [6]:454, [7]:661, [8]:0, [9]:0
I (3058) EXAMPLE: ADC1 Calibrated Voltage (mV): [0]:332, [1]:290, [2]:382, [3]:729, [4]:991, [5]:524, [6]:780, [7]:667, [8]:0, [9]:0
I (3068) EXAMPLE: ADC1 Calibrated Voltage (mV): [0]:328, [1]:258, [2]:379, [3]:562, [4]:447, [5]:1008, [6]:838, [7]:643, [8]:0, [9]:0
I (3078) EXAMPLE: ADC1 Calibrated Voltage (mV): [0]:335, [1]:262, [2]:383, [3]:671, [4]:1063, [5]:999, [6]:423, [7]:691, [8]:0, [9]:0
I (3088) EXAMPLE: ADC1 Calibrated Voltage (mV): [0]:333, [1]:257, [2]:385, [3]:457, [4]:1062, [5]:616, [6]:862, [7]:682, [8]:0, [9]:0
I (3098) EXAMPLE: ADC1 Calibrated Voltage (mV): [0]:333, [1]:287, [2]:383, [3]:483, [4]:438, [5]:371, [6]:849, [7]:659, [8]:0, [9]:0
I (3118) EXAMPLE: ADC1 Calibrated Voltage (mV): [0]:323, [1]:260, [2]:379, [3]:566, [4]:890, [5]:1025, [6]:261, [7]:648, [8]:0, [9]:0
I (3128) EXAMPLE: ADC1 Calibrated Voltage (mV): [0]:329, [1]:288, [2]:379, [3]:1019, [4]:328, [5]:305, [6]:714, [7]:681, [8]:0, [9]:0
I (3138) EXAMPLE: ADC1 Calibrated Voltage (mV): [0]:335, [1]:293, [2]:378, [3]:691, [4]:695, [5]:1038, [6]:1039, [7]:650, [8]:0, [9]:0
I (3148) EXAMPLE: ADC1 Calibrated Voltage (mV): [0]:331, [1]:293, [2]:382, [3]:375, [4]:671, [5]:496, [6]:686, [7]:683, [8]:0, [9]:0
I (3158) EXAMPLE: ADC1 Calibrated Voltage (mV): [0]:333, [1]:290, [2]:381, [3]:1004, [4]:238, [5]:411, [6]:289, [7]:649, [8]:0, [9]:0
I (3178) EXAMPLE: ADC1 Calibrated Voltage (mV): [0]:335, [1]:263, [2]:382, [3]:905, [4]:479, [5]:904, [6]:627, [7]:696, [8]:0, [9]:0
I (3188) EXAMPLE: ADC1 Calibrated Voltage (mV): [0]:333, [1]:263, [2]:386, [3]:873, [4]:1005, [5]:254, [6]:1026, [7]:704, [8]:0, [9]:0
I (3198) EXAMPLE: ADC1 Calibrated Voltage (mV): [0]:344, [1]:294, [2]:385, [3]:431, [4]:766, [5]:664, [6]:1016, [7]:682, [8]:0, [9]:0
I (3208) EXAMPLE: ADC1 Calibrated Voltage (mV): [0]:338, [1]:288, [2]:381, [3]:671, [4]:668, [5]:719, [6]:608, [7]:692, [8]:0, [9]:0
I (3218) EXAMPLE: ADC1 Calibrated Voltage (mV): [0]:331, [1]:259, [2]:385, [3]:515, [4]:409, [5]:423, [6]:953, [7]:678, [8]:0, [9]:0
I (3228) EXAMPLE: ADC1 Calibrated Voltage (mV): [0]:337, [1]:288, [2]:385, [3]:634, [4]:509, [5]:357, [6]:684, [7]:661, [8]:0, [9]:0
I (3248) EXAMPLE: ADC1 Calibrated Voltage (mV): [0]:327, [1]:250, [2]:380, [3]:581, [4]:800, [5]:914, [6]:803, [7]:642, [8]:0, [9]:0
I (3258) EXAMPLE: ADC1 Calibrated Voltage (mV): [0]:334, [1]:285, [2]:382, [3]:591, [4]:539, [5]:687, [6]:222, [7]:666, [8]:0, [9]:0
I (3268) EXAMPLE: ADC1 Calibrated Voltage (mV): [0]:337, [1]:285, [2]:382, [3]:479, [4]:452, [5]:825, [6]:448, [7]:629, [8]:0, [9]:0
I (3278) EXAMPLE: ADC1 Calibrated Voltage (mV): [0]:344, [1]:259, [2]:380, [3]:814, [4]:481, [5]:308, [6]:926, [7]:661, [8]:0, [9]:0
I (3288) EXAMPLE: ADC1 Calibrated Voltage (mV): [0]:329, [1]:255, [2]:384, [3]:995, [4]:440, [5]:326, [6]:337, [7]:657, [8]:0, [9]:0
I (3298) EXAMPLE: ADC1 Calibrated Voltage (mV): [0]:330, [1]:257, [2]:385, [3]:256, [4]:539, [5]:915, [6]:827, [7]:686, [8]:0, [9]:0
I (3308) EXAMPLE: ADC1 Calibrated Voltage (mV): [0]:338, [1]:269, [2]:384, [3]:1025, [4]:635, [5]:991, [6]:443, [7]:679, [8]:0, [9]:0
I (3328) EXAMPLE: ADC1 Calibrated Voltage (mV): [0]:327, [1]:290, [2]:379, [3]:968, [4]:337, [5]:515, [6]:703, [7]:659, [8]:0, [9]:0
I (3338) EXAMPLE: ADC1 Calibrated Voltage (mV): [0]:333, [1]:261, [2]:389, [3]:594, [4]:853, [5]:692, [6]:340, [7]:663, [8]:0, [9]:0
I (3348) EXAMPLE: ADC1 Calibrated Voltage (mV): [0]:327, [1]:261, [2]:384, [3]:299, [4]:687, [5]:890, [6]:764, [7]:638, [8]:0, [9]:0
I (3358) EXAMPLE: ADC1 Calibrated Voltage (mV): [0]:329, [1]:261, [2]:384, [3]:252, [4]:284, [5]:607, [6]:308, [7]:665, [8]:0, [9]:0
I (3368) EXAMPLE: ADC1 Calibrated Voltage (mV): [0]:333, [1]:261, [2]:381, [3]:683, [4]:518, [5]:330, [6]:738, [7]:682, [8]:0, [9]:0
I (3378) EXAMPLE: ADC1 Calibrated Voltage (mV): [0]:329, [1]:285, [2]:385, [3]:324, [4]:941, [5]:835, [6]:644, [7]:639, [8]:0, [9]:0
I (3398) EXAMPLE: ADC1 Calibrated Voltage (mV): [0]:332, [1]:265, [2]:383, [3]:441, [4]:1024, [5]:742, [6]:259, [7]:673, [8]:0, [9]:0
I (3408) EXAMPLE: ADC1 Calibrated Voltage (mV): [0]:326, [1]:286, [2]:383, [3]:658, [4]:1063, [5]:432, [6]:580, [7]:669, [8]:0, [9]:0
I (3418) EXAMPLE: ADC1 Calibrated Voltage (mV): [0]:335, [1]:262, [2]:391, [3]:289, [4]:758, [5]:677, [6]:342, [7]:667, [8]:0, [9]:0
I (3428) EXAMPLE: ADC1 Calibrated Voltage (mV): [0]:338, [1]:265, [2]:383, [3]:500, [4]:294, [5]:357, [6]:256, [7]:663, [8]:0, [9]:0
I (3438) EXAMPLE: ADC1 Calibrated Voltage (mV): [0]:328, [1]:254, [2]:384, [3]:362, [4]:653, [5]:524, [6]:933, [7]:672, [8]:0, [9]:0
I (3448) EXAMPLE: ADC1 Calibrated Voltage (mV): [0]:325, [1]:286, [2]:385, [3]:390, [4]:743, [5]:584, [6]:354, [7]:640, [8]:0, [9]:0
I (3468) EXAMPLE: ADC1 Calibrated Voltage (mV): [0]:342, [1]:266, [2]:379, [3]:939, [4]:280, [5]:567, [6]:552, [7]:686, [8]:0, [9]:0
I (3478) EXAMPLE: ADC1 Calibrated Voltage (mV): [0]:332, [1]:262, [2]:385, [3]:280, [4]:381, [5]:385, [6]:265, [7]:704, [8]:0, [9]:0
I (3488) EXAMPLE: ADC1 Calibrated Voltage (mV): [0]:339, [1]:293, [2]:381, [3]:747, [4]:858, [5]:647, [6]:757, [7]:674, [8]:0, [9]:0
I (3498) EXAMPLE: ADC1 Calibrated Voltage (mV): [0]:335, [1]:261, [2]:384, [3]:264, [4]:256, [5]:357, [6]:269, [7]:658, [8]:0, [9]:0
I (3508) EXAMPLE: ADC1 Calibrated Voltage (mV): [0]:335, [1]:289, [2]:386, [3]:454, [4]:672, [5]:323, [6]:803, [7]:672, [8]:0, [9]:0
I (3518) EXAMPLE: ADC1 Calibrated Voltage (mV): [0]:323, [1]:259, [2]:381, [3]:805, [4]:539, [5]:259, [6]:343, [7]:633, [8]:0, [9]:0
I (3538) EXAMPLE: ADC1 Calibrated Voltage (mV): [0]:323, [1]:259, [2]:381, [3]:546, [4]:533, [5]:735, [6]:333, [7]:653, [8]:0, [9]:0
I (3548) EXAMPLE: ADC1 Calibrated Voltage (mV): [0]:340, [1]:293, [2]:381, [3]:485, [4]:949, [5]:217, [6]:223, [7]:658, [8]:0, [9]:0
I (3558) EXAMPLE: ADC1 Calibrated Voltage (mV): [0]:332, [1]:257, [2]:382, [3]:977, [4]:505, [5]:321, [6]:855, [7]:692, [8]:0, [9]:0
I (3568) EXAMPLE: ADC1 Calibrated Voltage (mV): [0]:336, [1]:259, [2]:379, [3]:764, [4]:957, [5]:896, [6]:1008, [7]:681, [8]:0, [9]:0
I (3578) EXAMPLE: ADC1 Calibrated Voltage (mV): [0]:341, [1]:287, [2]:388, [3]:265, [4]:812, [5]:364, [6]:1019, [7]:659, [8]:0, [9]:0
I (3588) EXAMPLE: ADC1 Calibrated Voltage (mV): [0]:334, [1]:284, [2]:386, [3]:448, [4]:806, [5]:1000, [6]:1028, [7]:668, [8]:0, [9]:0
I (3608) EXAMPLE: ADC1 Calibrated Voltage (mV): [0]:331, [1]:285, [2]:390, [3]:527, [4]:399, [5]:1036, [6]:837, [7]:677, [8]:0, [9]:0
I (3618) EXAMPLE: ADC1 Calibrated Voltage (mV): [0]:336, [1]:286, [2]:379, [3]:839, [4]:501, [5]:1043, [6]:1029, [7]:671, [8]:0, [9]:0
I (3628) EXAMPLE: ADC1 Calibrated Voltage (mV): [0]:337, [1]:287, [2]:379, [3]:947, [4]:630, [5]:1049, [6]:1043, [7]:664, [8]:0, [9]:0
I (3638) EXAMPLE: ADC1 Calibrated Voltage (mV): [0]:333, [1]:290, [2]:385, [3]:395, [4]:989, [5]:603, [6]:754, [7]:668, [8]:0, [9]:0
I (3648) EXAMPLE: ADC1 Calibrated Voltage (mV): [0]:332, [1]:289, [2]:380, [3]:890, [4]:674, [5]:687, [6]:325, [7]:666, [8]:0, [9]:0
I (3658) EXAMPLE: ADC1 Calibrated Voltage (mV): [0]:331, [1]:262, [2]:378, [3]:515, [4]:468, [5]:428, [6]:249, [7]:669, [8]:0, [9]:0
I (3678) EXAMPLE: ADC1 Calibrated Voltage (mV): [0]:326, [1]:289, [2]:379, [3]:921, [4]:803, [5]:288, [6]:782, [7]:668, [8]:0, [9]:0
I (3688) EXAMPLE: ADC1 Calibrated Voltage (mV): [0]:335, [1]:258, [2]:381, [3]:646, [4]:924, [5]:994, [6]:874, [7]:658, [8]:0, [9]:0
I (3698) EXAMPLE: ADC1 Calibrated Voltage (mV): [0]:340, [1]:290, [2]:379, [3]:931, [4]:335, [5]:500, [6]:886, [7]:661, [8]:0, [9]:0
I (3708) EXAMPLE: ADC1 Calibrated Voltage (mV): [0]:334, [1]:264, [2]:373, [3]:942, [4]:1030, [5]:1000, [6]:388, [7]:661, [8]:0, [9]:0
I (3718) EXAMPLE: ADC1 Calibrated Voltage (mV): [0]:326, [1]:262, [2]:378, [3]:928, [4]:954, [5]:1003, [6]:890, [7]:660, [8]:0, [9]:0
I (3728) EXAMPLE: ADC1 Calibrated Voltage (mV): [0]:331, [1]:263, [2]:386, [3]:348, [4]:667, [5]:466, [6]:423, [7]:663, [8]:0, [9]:0
I (3748) EXAMPLE: ADC1 Calibrated Voltage (mV): [0]:326, [1]:255, [2]:375, [3]:744, [4]:585, [5]:394, [6]:440, [7]:649, [8]:0, [9]:0
I (3758) EXAMPLE: ADC1 Calibrated Voltage (mV): [0]:326, [1]:285, [2]:383, [3]:384, [4]:219, [5]:830, [6]:481, [7]:669, [8]:0, [9]:0
I (3768) EXAMPLE: ADC1 Calibrated Voltage (mV): [0]:331, [1]:282, [2]:384, [3]:293, [4]:453, [5]:428, [6]:690, [7]:634, [8]:0, [9]:0
I (3778) EXAMPLE: ADC1 Calibrated Voltage (mV): [0]:340, [1]:261, [2]:376, [3]:719, [4]:1038, [5]:502, [6]:196, [7]:653, [8]:0, [9]:0
I (3788) EXAMPLE: ADC1 Calibrated Voltage (mV): [0]:322, [1]:259, [2]:382, [3]:709, [4]:393, [5]:565, [6]:711, [7]:659, [8]:0, [9]:0
I (3798) EXAMPLE: ADC1 Calibrated Voltage (mV): [0]:327, [1]:285, [2]:381, [3]:596, [4]:1067, [5]:916, [6]:836, [7]:662, [8]:0, [9]:0
I (3818) EXAMPLE: ADC1 Calibrated Voltage (mV): [0]:347, [1]:293, [2]:378, [3]:894, [4]:395, [5]:523, [6]:651, [7]:665, [8]:0, [9]:0
I (3828) EXAMPLE: ADC1 Calibrated Voltage (mV): [0]:333, [1]:290, [2]:382, [3]:486, [4]:240, [5]:709, [6]:601, [7]:669, [8]:0, [9]:0
I (3838) EXAMPLE: ADC1 Calibrated Voltage (mV): [0]:338, [1]:286, [2]:380, [3]:986, [4]:372, [5]:617, [6]:882, [7]:669, [8]:0, [9]:0
I (3848) EXAMPLE: ADC1 Calibrated Voltage (mV): [0]:326, [1]:287, [2]:380, [3]:617, [4]:777, [5]:1010, [6]:968, [7]:659, [8]:0, [9]:0
I (3858) EXAMPLE: ADC1 Calibrated Voltage (mV): [0]:337, [1]:288, [2]:386, [3]:250, [4]:891, [5]:964, [6]:981, [7]:674, [8]:0, [9]:0
I (3868) EXAMPLE: ADC1 Calibrated Voltage (mV): [0]:327, [1]:258, [2]:396, [3]:303, [4]:299, [5]:471, [6]:758, [7]:688, [8]:0, [9]:0
I (3888) EXAMPLE: ADC1 Calibrated Voltage (mV): [0]:335, [1]:294, [2]:378, [3]:766, [4]:304, [5]:884, [6]:425, [7]:648, [8]:0, [9]:0
I (3898) EXAMPLE: ADC1 Calibrated Voltage (mV): [0]:333, [1]:260, [2]:381, [3]:614, [4]:542, [5]:394, [6]:910, [7]:648, [8]:0, [9]:0
I (3908) EXAMPLE: ADC1 Calibrated Voltage (mV): [0]:327, [1]:261, [2]:382, [3]:721, [4]:549, [5]:533, [6]:397, [7]:669, [8]:0, [9]:0
I (3918) EXAMPLE: ADC1 Calibrated Voltage (mV): [0]:335, [1]:265, [2]:388, [3]:375, [4]:429, [5]:353, [6]:487, [7]:696, [8]:0, [9]:0
I (3928) EXAMPLE: ADC1 Calibrated Voltage (mV): [0]:331, [1]:286, [2]:382, [3]:571, [4]:501, [5]:590, [6]:634, [7]:650, [8]:0, [9]:0
I (3938) EXAMPLE: ADC1 Calibrated Voltage (mV): [0]:331, [1]:285, [2]:380, [3]:504, [4]:247, [5]:932, [6]:508, [7]:665, [8]:0, [9]:0
I (3958) EXAMPLE: ADC1 Calibrated Voltage (mV): [0]:336, [1]:260, [2]:386, [3]:418, [4]:772, [5]:781, [6]:833, [7]:707, [8]:0, [9]:0
I (3968) EXAMPLE: ADC1 Calibrated Voltage (mV): [0]:342, [1]:291, [2]:379, [3]:890, [4]:787, [5]:342, [6]:672, [7]:648, [8]:0, [9]:0
I (3978) EXAMPLE: ADC1 Calibrated Voltage (mV): [0]:335, [1]:284, [2]:380, [3]:639, [4]:1011, [5]:486, [6]:656, [7]:647, [8]:0, [9]:0
I (3988) EXAMPLE: ADC1 Calibrated Voltage (mV): [0]:333, [1]:290, [2]:378, [3]:1031, [4]:762, [5]:429, [6]:849, [7]:671, [8]:0, [9]:0
I (3998) EXAMPLE: ADC1 Calibrated Voltage (mV): [0]:343, [1]:285, [2]:377, [3]:984, [4]:810, [5]:331, [6]:638, [7]:658, [8]:0, [9]:0
I (4008) EXAMPLE: ADC1 Calibrated Voltage (mV): [0]:329, [1]:264, [2]:378, [3]:1044, [4]:704, [5]:380, [6]:629, [7]:683, [8]:0, [9]:0
I (4028) EXAMPLE: ADC1 Calibrated Voltage (mV): [0]:331, [1]:291, [2]:384, [3]:385, [4]:565, [5]:347, [6]:519, [7]:683, [8]:0, [9]:0
I (4038) EXAMPLE: ADC1 Calibrated Voltage (mV): [0]:333, [1]:264, [2]:379, [3]:887, [4]:1015, [5]:682, [6]:351, [7]:659, [8]:0, [9]:0
I (4048) EXAMPLE: ADC1 Calibrated Voltage (mV): [0]:341, [1]:293, [2]:376, [3]:887, [4]:644, [5]:548, [6]:778, [7]:680, [8]:0, [9]:0
I (4058) EXAMPLE: ADC1 Calibrated Voltage (mV): [0]:338, [1]:263, [2]:381, [3]:591, [4]:249, [5]:641, [6]:990, [7]:673, [8]:0, [9]:0
I (4068) EXAMPLE: ADC1 Calibrated Voltage (mV): [0]:328, [1]:255, [2]:384, [3]:301, [4]:235, [5]:520, [6]:915, [7]:652, [8]:0, [9]:0
I (4078) EXAMPLE: ADC1 Calibrated Voltage (mV): [0]:345, [1]:266, [2]:383, [3]:405, [4]:556, [5]:738, [6]:378, [7]:671, [8]:0, [9]:0
I (4098) EXAMPLE: ADC1 Calibrated Voltage (mV): [0]:329, [1]:261, [2]:384, [3]:657, [4]:906, [5]:890, [6]:309, [7]:665, [8]:0, [9]:0
I (4108) EXAMPLE: ADC1 Calibrated Voltage (mV): [0]:333, [1]:291, [2]:375, [3]:920, [4]:428, [5]:750, [6]:626, [7]:658, [8]:0, [9]:0
I (4118) EXAMPLE: ADC1 Calibrated Voltage (mV): [0]:337, [1]:288, [2]:379, [3]:636, [4]:308, [5]:453, [6]:240, [7]:654, [8]:0, [9]:0
I (4128) EXAMPLE: ADC1 Calibrated Voltage (mV): [0]:332, [1]:288, [2]:381, [3]:547, [4]:838, [5]:879, [6]:940, [7]:660, [8]:0, [9]:0
I (4138) EXAMPLE: ADC1 Calibrated Voltage (mV): [0]:333, [1]:284, [2]:376, [3]:896, [4]:713, [5]:416, [6]:870, [7]:668, [8]:0, [9]:0
I (4148) EXAMPLE: ADC1 Calibrated Voltage (mV): [0]:345, [1]:266, [2]:386, [3]:366, [4]:521, [5]:398, [6]:963, [7]:686, [8]:0, [9]:0
I (4168) EXAMPLE: ADC1 Calibrated Voltage (mV): [0]:334, [1]:287, [2]:373, [3]:987, [4]:552, [5]:906, [6]:313, [7]:649, [8]:0, [9]:0
I (4178) EXAMPLE: ADC1 Calibrated Voltage (mV): [0]:333, [1]:260, [2]:378, [3]:1011, [4]:929, [5]:916, [6]:662, [7]:679, [8]:0, [9]:0
I (4188) EXAMPLE: ADC1 Calibrated Voltage (mV): [0]:333, [1]:259, [2]:381, [3]:681, [4]:943, [5]:1048, [6]:1044, [7]:662, [8]:0, [9]:0
I (4198) EXAMPLE: ADC1 Calibrated Voltage (mV): [0]:344, [1]:295, [2]:379, [3]:966, [4]:582, [5]:735, [6]:887, [7]:668, [8]:0, [9]:0
I (4208) EXAMPLE: ADC1 Calibrated Voltage (mV): [0]:331, [1]:289, [2]:383, [3]:347, [4]:1048, [5]:331, [6]:294, [7]:632, [8]:0, [9]:0
I (4218) EXAMPLE: ADC1 Calibrated Voltage (mV): [0]:338, [1]:291, [2]:378, [3]:970, [4]:654, [5]:565, [6]:249, [7]:684, [8]:0, [9]:0
I (4238) EXAMPLE: ADC1 Calibrated Voltage (mV): [0]:345, [1]:271, [2]:381, [3]:925, [4]:632, [5]:648, [6]:363, [7]:687, [8]:0, [9]:0
I (4248) EXAMPLE: ADC1 Calibrated Voltage (mV): [0]:332, [1]:256, [2]:375, [3]:844, [4]:625, [5]:693, [6]:857, [7]:640, [8]:0, [9]:0
I (4258) EXAMPLE: ADC1 Calibrated Voltage (mV): [0]:333, [1]:256, [2]:385, [3]:366, [4]:749, [5]:330, [6]:687, [7]:642, [8]:0, [9]:0
I (4268) EXAMPLE: ADC1 Calibrated Voltage (mV): [0]:337, [1]:263, [2]:376, [3]:752, [4]:284, [5]:692, [6]:245, [7]:674, [8]:0, [9]:0
I (4278) EXAMPLE: ADC1 Calibrated Voltage (mV): [0]:328, [1]:257, [2]:379, [3]:693, [4]:655, [5]:472, [6]:970, [7]:650, [8]:0, [9]:0
I (4288) EXAMPLE: ADC1 Calibrated Voltage (mV): [0]:331, [1]:284, [2]:383, [3]:566, [4]:333, [5]:970, [6]:226, [7]:673, [8]:0, [9]:0
I (4308) EXAMPLE: ADC1 Calibrated Voltage (mV): [0]:326, [1]:285, [2]:386, [3]:715, [4]:322, [5]:963, [6]:610, [7]:662, [8]:0, [9]:0
I (4318) EXAMPLE: ADC1 Calibrated Voltage (mV): [0]:341, [1]:262, [2]:380, [3]:800, [4]:933, [5]:264, [6]:284, [7]:662, [8]:0, [9]:0
I (4328) EXAMPLE: ADC1 Calibrated Voltage (mV): [0]:333, [1]:261, [2]:380, [3]:705, [4]:644, [5]:844, [6]:480, [7]:688, [8]:0, [9]:0
I (4338) EXAMPLE: ADC1 Calibrated Voltage (mV): [0]:333, [1]:288, [2]:382, [3]:710, [4]:414, [5]:1051, [6]:887, [7]:689, [8]:0, [9]:0
I (4348) EXAMPLE: ADC1 Calibrated Voltage (mV): [0]:327, [1]:290, [2]:381, [3]:731, [4]:435, [5]:482, [6]:970, [7]:662, [8]:0, [9]:0
I (4358) EXAMPLE: ADC1 Calibrated Voltage (mV): [0]:328, [1]:262, [2]:379, [3]:644, [4]:982, [5]:304, [6]:877, [7]:662, [8]:0, [9]:0
I (4378) EXAMPLE: ADC1 Calibrated Voltage (mV): [0]:330, [1]:265, [2]:379, [3]:763, [4]:445, [5]:1005, [6]:251, [7]:669, [8]:0, [9]:0
I (4388) EXAMPLE: ADC1 Calibrated Voltage (mV): [0]:341, [1]:289, [2]:375, [3]:879, [4]:660, [5]:1023, [6]:762, [7]:674, [8]:0, [9]:0
I (4398) EXAMPLE: ADC1 Calibrated Voltage (mV): [0]:333, [1]:290, [2]:382, [3]:535, [4]:471, [5]:1053, [6]:1020, [7]:651, [8]:0, [9]:0
I (4408) EXAMPLE: ADC1 Calibrated Voltage (mV): [0]:332, [1]:264, [2]:385, [3]:308, [4]:557, [5]:968, [6]:681, [7]:698, [8]:0, [9]:0
I (4418) EXAMPLE: ADC1 Calibrated Voltage (mV): [0]:341, [1]:289, [2]:387, [3]:611, [4]:442, [5]:1031, [6]:769, [7]:683, [8]:0, [9]:0
I (4428) EXAMPLE: ADC1 Calibrated Voltage (mV): [0]:326, [1]:291, [2]:380, [3]:804, [4]:801, [5]:534, [6]:683, [7]:680, [8]:0, [9]:0
I (4448) EXAMPLE: ADC1 Calibrated Voltage (mV): [0]:331, [1]:285, [2]:384, [3]:410, [4]:247, [5]:321, [6]:644, [7]:669, [8]:0, [9]:0
I (4458) EXAMPLE: ADC1 Calibrated Voltage (mV): [0]:337, [1]:260, [2]:378, [3]:1023, [4]:844, [5]:271, [6]:681, [7]:653, [8]:0, [9]:0
I (4468) EXAMPLE: ADC1 Calibrated Voltage (mV): [0]:346, [1]:269, [2]:380, [3]:776, [4]:318, [5]:967, [6]:705, [7]:669, [8]:0, [9]:0
I (4478) EXAMPLE: ADC1 Calibrated Voltage (mV): [0]:328, [1]:284, [2]:384, [3]:614, [4]:334, [5]:745, [6]:897, [7]:673, [8]:0, [9]:0
I (4488) EXAMPLE: ADC1 Calibrated Voltage (mV): [0]:323, [1]:288, [2]:385, [3]:261, [4]:714, [5]:791, [6]:496, [7]:654, [8]:0, [9]:0
I (4498) EXAMPLE: ADC1 Calibrated Voltage (mV): [0]:336, [1]:264, [2]:376, [3]:801, [4]:383, [5]:860, [6]:523, [7]:677, [8]:0, [9]:0
I (4518) EXAMPLE: ADC1 Calibrated Voltage (mV): [0]:332, [1]:284, [2]:377, [3]:902, [4]:984, [5]:459, [6]:796, [7]:645, [8]:0, [9]:0
I (4528) EXAMPLE: ADC1 Calibrated Voltage (mV): [0]:336, [1]:295, [2]:386, [3]:338, [4]:396, [5]:471, [6]:644, [7]:690, [8]:0, [9]:0
I (4538) EXAMPLE: ADC1 Calibrated Voltage (mV): [0]:331, [1]:259, [2]:381, [3]:735, [4]:290, [5]:475, [6]:776, [7]:654, [8]:0, [9]:0
I (4548) EXAMPLE: ADC1 Calibrated Voltage (mV): [0]:335, [1]:293, [2]:375, [3]:805, [4]:736, [5]:1004, [6]:266, [7]:653, [8]:0, [9]:0
I (4558) EXAMPLE: ADC1 Calibrated Voltage (mV): [0]:338, [1]:261, [2]:382, [3]:296, [4]:339, [5]:744, [6]:519, [7]:662, [8]:0, [9]:0
I (4568) EXAMPLE: ADC1 Calibrated Voltage (mV): [0]:336, [1]:261, [2]:384, [3]:434, [4]:1051, [5]:410, [6]:547, [7]:649, [8]:0, [9]:0
I (4588) EXAMPLE: ADC1 Calibrated Voltage (mV): [0]:331, [1]:261, [2]:386, [3]:289, [4]:481, [5]:822, [6]:591, [7]:669, [8]:0, [9]:0
I (4598) EXAMPLE: ADC1 Calibrated Voltage (mV): [0]:336, [1]:260, [2]:384, [3]:487, [4]:442, [5]:899, [6]:733, [7]:715, [8]:0, [9]:0
I (4608) EXAMPLE: ADC1 Calibrated Voltage (mV): [0]:327, [1]:259, [2]:379, [3]:1040, [4]:830, [5]:634, [6]:738, [7]:662, [8]:0, [9]:0
I (4618) EXAMPLE: ADC1 Calibrated Voltage (mV): [0]:333, [1]:262, [2]:394, [3]:505, [4]:485, [5]:431, [6]:917, [7]:697, [8]:0, [9]:0
I (4628) EXAMPLE: ADC1 Calibrated Voltage (mV): [0]:326, [1]:259, [2]:386, [3]:326, [4]:874, [5]:481, [6]:717, [7]:650, [8]:0, [9]:0
I (4638) EXAMPLE: ADC1 Calibrated Voltage (mV): [0]:331, [1]:288, [2]:379, [3]:701, [4]:709, [5]:475, [6]:451, [7]:657, [8]:0, [9]:0
I (4658) EXAMPLE: ADC1 Calibrated Voltage (mV): [0]:333, [1]:287, [2]:380, [3]:816, [4]:427, [5]:478, [6]:655, [7]:657, [8]:0, [9]:0
I (4668) EXAMPLE: ADC1 Calibrated Voltage (mV): [0]:325, [1]:285, [2]:376, [3]:735, [4]:1014, [5]:1059, [6]:356, [7]:630, [8]:0, [9]:0
I (4678) EXAMPLE: ADC1 Calibrated Voltage (mV): [0]:334, [1]:286, [2]:389, [3]:382, [4]:886, [5]:513, [6]:735, [7]:684, [8]:0, [9]:0
I (4688) EXAMPLE: ADC1 Calibrated Voltage (mV): [0]:328, [1]:293, [2]:380, [3]:760, [4]:345, [5]:855, [6]:466, [7]:664, [8]:0, [9]:0
I (4698) EXAMPLE: ADC1 Calibrated Voltage (mV): [0]:326, [1]:287, [2]:387, [3]:581, [4]:629, [5]:396, [6]:491, [7]:641, [8]:0, [9]:0
I (4708) EXAMPLE: ADC1 Calibrated Voltage (mV): [0]:344, [1]:264, [2]:389, [3]:551, [4]:878, [5]:976, [6]:765, [7]:689, [8]:0, [9]:0
I (4728) EXAMPLE: ADC1 Calibrated Voltage (mV): [0]:331, [1]:260, [2]:386, [3]:231, [4]:1044, [5]:377, [6]:543, [7]:683, [8]:0, [9]:0
I (4738) EXAMPLE: ADC1 Calibrated Voltage (mV): [0]:335, [1]:295, [2]:385, [3]:293, [4]:810, [5]:754, [6]:467, [7]:654, [8]:0, [9]:0
I (4748) EXAMPLE: ADC1 Calibrated Voltage (mV): [0]:325, [1]:265, [2]:374, [3]:796, [4]:665, [5]:468, [6]:654, [7]:654, [8]:0, [9]:0
I (4758) EXAMPLE: ADC1 Calibrated Voltage (mV): [0]:327, [1]:260, [2]:384, [3]:417, [4]:778, [5]:414, [6]:338, [7]:668, [8]:0, [9]:0
I (4768) EXAMPLE: ADC1 Calibrated Voltage (mV): [0]:336, [1]:270, [2]:380, [3]:926, [4]:671, [5]:830, [6]:348, [7]:676, [8]:0, [9]:0
I (4778) EXAMPLE: ADC1 Calibrated Voltage (mV): [0]:323, [1]:261, [2]:372, [3]:954, [4]:366, [5]:1022, [6]:528, [7]:631, [8]:0, [9]:0
I (4798) EXAMPLE: ADC1 Calibrated Voltage (mV): [0]:333, [1]:258, [2]:379, [3]:976, [4]:469, [5]:785, [6]:1025, [7]:659, [8]:0, [9]:0
I (4808) EXAMPLE: ADC1 Calibrated Voltage (mV): [0]:329, [1]:259, [2]:384, [3]:328, [4]:513, [5]:807, [6]:305, [7]:677, [8]:0, [9]:0
I (4818) EXAMPLE: ADC1 Calibrated Voltage (mV): [0]:351, [1]:289, [2]:385, [3]:785, [4]:949, [5]:711, [6]:622, [7]:696, [8]:0, [9]:0
I (4828) EXAMPLE: ADC1 Calibrated Voltage (mV): [0]:336, [1]:286, [2]:379, [3]:502, [4]:517, [5]:615, [6]:380, [7]:649, [8]:0, [9]:0
I (4838) EXAMPLE: ADC1 Calibrated Voltage (mV): [0]:336, [1]:286, [2]:380, [3]:496, [4]:1046, [5]:671, [6]:450, [7]:646, [8]:0, [9]:0
I (4848) EXAMPLE: ADC1 Calibrated Voltage (mV): [0]:327, [1]:261, [2]:375, [3]:797, [4]:276, [5]:572, [6]:450, [7]:629, [8]:0, [9]:0
I (4868) EXAMPLE: ADC1 Calibrated Voltage (mV): [0]:335, [1]:262, [2]:395, [3]:283, [4]:338, [5]:439, [6]:471, [7]:678, [8]:0, [9]:0
I (4878) EXAMPLE: ADC1 Calibrated Voltage (mV): [0]:328, [1]:289, [2]:381, [3]:586, [4]:1059, [5]:379, [6]:426, [7]:664, [8]:0, [9]:0
I (4888) EXAMPLE: ADC1 Calibrated Voltage (mV): [0]:332, [1]:260, [2]:379, [3]:938, [4]:409, [5]:680, [6]:886, [7]:635, [8]:0, [9]:0
I (4898) EXAMPLE: ADC1 Calibrated Voltage (mV): [0]:339, [1]:291, [2]:384, [3]:309, [4]:975, [5]:332, [6]:310, [7]:698, [8]:0, [9]:0
I (4908) EXAMPLE: ADC1 Calibrated Voltage (mV): [0]:328, [1]:289, [2]:389, [3]:255, [4]:345, [5]:546, [6]:276, [7]:662, [8]:0, [9]:0
I (4918) EXAMPLE: ADC1 Calibrated Voltage (mV): [0]:336, [1]:294, [2]:382, [3]:494, [4]:625, [5]:394, [6]:562, [7]:657, [8]:0, [9]:0
I (4938) EXAMPLE: ADC1 Calibrated Voltage (mV): [0]:335, [1]:259, [2]:382, [3]:487, [4]:435, [5]:414, [6]:261, [7]:664, [8]:0, [9]:0
I (4948) EXAMPLE: ADC1 Calibrated Voltage (mV): [0]:326, [1]:284, [2]:380, [3]:509, [4]:354, [5]:887, [6]:691, [7]:662, [8]:0, [9]:0
I (4958) EXAMPLE: ADC1 Calibrated Voltage (mV): [0]:338, [1]:286, [2]:383, [3]:430, [4]:618, [5]:317, [6]:1011, [7]:668, [8]:0, [9]:0
I (4968) EXAMPLE: ADC1 Calibrated Voltage (mV): [0]:341, [1]:262, [2]:381, [3]:274, [4]:566, [5]:304, [6]:354, [7]:642, [8]:0, [9]:0
I (4978) EXAMPLE: ADC1 Calibrated Voltage (mV): [0]:333, [1]:262, [2]:382, [3]:572, [4]:873, [5]:734, [6]:529, [7]:702, [8]:0, [9]:0
I (4988) EXAMPLE: ADC1 Calibrated Voltage (mV): [0]:332, [1]:262, [2]:381, [3]:513, [4]:693, [5]:852, [6]:353, [7]:674, [8]:0, [9]:0
I (5008) EXAMPLE: ADC1 Calibrated Voltage (mV): [0]:340, [1]:294, [2]:391, [3]:359, [4]:622, [5]:439, [6]:877, [7]:704, [8]:0, [9]:0
I (5018) EXAMPLE: ADC1 Calibrated Voltage (mV): [0]:332, [1]:261, [2]:384, [3]:362, [4]:953, [5]:221, [6]:455, [7]:660, [8]:0, [9]:0
I (5028) EXAMPLE: ADC1 Calibrated Voltage (mV): [0]:333, [1]:264, [2]:383, [3]:513, [4]:1016, [5]:592, [6]:563, [7]:701, [8]:0, [9]:0
I (5038) EXAMPLE: ADC1 Calibrated Voltage (mV): [0]:331, [1]:262, [2]:386, [3]:328, [4]:570, [5]:938, [6]:814, [7]:672, [8]:0, [9]:0
I (5048) EXAMPLE: ADC1 Calibrated Voltage (mV): [0]:336, [1]:288, [2]:383, [3]:373, [4]:986, [5]:385, [6]:444, [7]:650, [8]:0, [9]:0
I (5058) EXAMPLE: ADC1 Calibrated Voltage (mV): [0]:326, [1]:257, [2]:382, [3]:462, [4]:857, [5]:421, [6]:315, [7]:649, [8]:0, [9]:0
I (5068) EXAMPLE: ADC1 Calibrated Voltage (mV): [0]:336, [1]:289, [2]:385, [3]:424, [4]:879, [5]:438, [6]:724, [7]:647, [8]:0, [9]:0
I (5088) EXAMPLE: ADC1 Calibrated Voltage (mV): [0]:327, [1]:261, [2]:379, [3]:731, [4]:720, [5]:796, [6]:786, [7]:676, [8]:0, [9]:0
I (5098) EXAMPLE: ADC1 Calibrated Voltage (mV): [0]:333, [1]:296, [2]:382, [3]:610, [4]:711, [5]:842, [6]:494, [7]:681, [8]:0, [9]:0
I (5108) EXAMPLE: ADC1 Calibrated Voltage (mV): [0]:341, [1]:265, [2]:381, [3]:424, [4]:704, [5]:870, [6]:379, [7]:686, [8]:0, [9]:0
I (5118) EXAMPLE: ADC1 Calibrated Voltage (mV): [0]:337, [1]:293, [2]:378, [3]:819, [4]:725, [5]:975, [6]:769, [7]:677, [8]:0, [9]:0
I (5128) EXAMPLE: ADC1 Calibrated Voltage (mV): [0]:337, [1]:259, [2]:384, [3]:347, [4]:307, [5]:331, [6]:870, [7]:666, [8]:0, [9]:0
I (5138) EXAMPLE: ADC1 Calibrated Voltage (mV): [0]:335, [1]:261, [2]:385, [3]:354, [4]:842, [5]:831, [6]:548, [7]:667, [8]:0, [9]:0
I (5158) EXAMPLE: ADC1 Calibrated Voltage (mV): [0]:342, [1]:262, [2]:383, [3]:766, [4]:879, [5]:1003, [6]:721, [7]:687, [8]:0, [9]:0
I (5168) EXAMPLE: ADC1 Calibrated Voltage (mV): [0]:328, [1]:259, [2]:379, [3]:772, [4]:702, [5]:243, [6]:401, [7]:670, [8]:0, [9]:0
I (5178) EXAMPLE: ADC1 Calibrated Voltage (mV): [0]:340, [1]:290, [2]:378, [3]:894, [4]:697, [5]:989, [6]:745, [7]:678, [8]:0, [9]:0
I (5188) EXAMPLE: ADC1 Calibrated Voltage (mV): [0]:335, [1]:262, [2]:383, [3]:342, [4]:1000, [5]:835, [6]:552, [7]:677, [8]:0, [9]:0
I (5198) EXAMPLE: ADC1 Calibrated Voltage (mV): [0]:328, [1]:259, [2]:384, [3]:356, [4]:413, [5]:322, [6]:1013, [7]:659, [8]:0, [9]:0
I (5208) EXAMPLE: ADC1 Calibrated Voltage (mV): [0]:331, [1]:264, [2]:382, [3]:811, [4]:746, [5]:484, [6]:363, [7]:671, [8]:0, [9]:0
I (5228) EXAMPLE: ADC1 Calibrated Voltage (mV): [0]:339, [1]:258, [2]:383, [3]:614, [4]:683, [5]:529, [6]:881, [7]:654, [8]:0, [9]:0
I (5238) EXAMPLE: ADC1 Calibrated Voltage (mV): [0]:338, [1]:296, [2]:385, [3]:493, [4]:365, [5]:551, [6]:351, [7]:666, [8]:0, [9]:0
I (5248) EXAMPLE: ADC1 Calibrated Voltage (mV): [0]:335, [1]:289, [2]:388, [3]:275, [4]:395, [5]:664, [6]:1008, [7]:704, [8]:0, [9]:0
I (5258) EXAMPLE: ADC1 Calibrated Voltage (mV): [0]:333, [1]:291, [2]:376, [3]:864, [4]:819, [5]:577, [6]:665, [7]:672, [8]:0, [9]:0
I (5268) EXAMPLE: ADC1 Calibrated Voltage (mV): [0]:345, [1]:292, [2]:378, [3]:832, [4]:304, [5]:745, [6]:323, [7]:649, [8]:0, [9]:0
I (5278) EXAMPLE: ADC1 Calibrated Voltage (mV): [0]:339, [1]:286, [2]:389, [3]:354, [4]:513, [5]:1054, [6]:897, [7]:708, [8]:0, [9]:0
I (5298) EXAMPLE: ADC1 Calibrated Voltage (mV): [0]:332, [1]:289, [2]:385, [3]:545, [4]:953, [5]:402, [6]:987, [7]:677, [8]:0, [9]:0
I (5308) EXAMPLE: ADC1 Calibrated Voltage (mV): [0]:335, [1]:288, [2]:384, [3]:447, [4]:909, [5]:599, [6]:560, [7]:690, [8]:0, [9]:0
I (5318) EXAMPLE: ADC1 Calibrated Voltage (mV): [0]:343, [1]:265, [2]:386, [3]:262, [4]:844, [5]:914, [6]:868, [7]:669, [8]:0, [9]:0
I (5328) EXAMPLE: ADC1 Calibrated Voltage (mV): [0]:327, [1]:287, [2]:383, [3]:537, [4]:653, [5]:397, [6]:957, [7]:673, [8]:0, [9]:0
I (5338) EXAMPLE: ADC1 Calibrated Voltage (mV): [0]:329, [1]:257, [2]:383, [3]:533, [4]:904, [5]:617, [6]:571, [7]:680, [8]:0, [9]:0
I (5348) EXAMPLE: ADC1 Calibrated Voltage (mV): [0]:330, [1]:259, [2]:379, [3]:883, [4]:247, [5]:763, [6]:423, [7]:669, [8]:0, [9]:0
I (5368) EXAMPLE: ADC1 Calibrated Voltage (mV): [0]:332, [1]:264, [2]:379, [3]:796, [4]:626, [5]:679, [6]:678, [7]:682, [8]:0, [9]:0
I (5378) EXAMPLE: ADC1 Calibrated Voltage (mV): [0]:338, [1]:262, [2]:384, [3]:717, [4]:568, [5]:429, [6]:1014, [7]:693, [8]:0, [9]:0
I (5388) EXAMPLE: ADC1 Calibrated Voltage (mV): [0]:345, [1]:265, [2]:384, [3]:536, [4]:399, [5]:417, [6]:873, [7]:662, [8]:0, [9]:0
I (5398) EXAMPLE: ADC1 Calibrated Voltage (mV): [0]:337, [1]:262, [2]:386, [3]:289, [4]:1043, [5]:365, [6]:720, [7]:683, [8]:0, [9]:0
I (5408) EXAMPLE: ADC1 Calibrated Voltage (mV): [0]:336, [1]:256, [2]:382, [3]:835, [4]:660, [5]:887, [6]:1025, [7]:659, [8]:0, [9]:0
I (5418) EXAMPLE: ADC1 Calibrated Voltage (mV): [0]:336, [1]:260, [2]:381, [3]:832, [4]:297, [5]:386, [6]:515, [7]:709, [8]:0, [9]:0
I (5438) EXAMPLE: ADC1 Calibrated Voltage (mV): [0]:336, [1]:262, [2]:383, [3]:356, [4]:918, [5]:575, [6]:413, [7]:682, [8]:0, [9]:0
I (5448) EXAMPLE: ADC1 Calibrated Voltage (mV): [0]:328, [1]:291, [2]:378, [3]:868, [4]:391, [5]:897, [6]:227, [7]:667, [8]:0, [9]:0
I (5458) EXAMPLE: ADC1 Calibrated Voltage (mV): [0]:328, [1]:259, [2]:384, [3]:396, [4]:925, [5]:869, [6]:827, [7]:680, [8]:0, [9]:0
I (5468) EXAMPLE: ADC1 Calibrated Voltage (mV): [0]:347, [1]:261, [2]:374, [3]:1016, [4]:842, [5]:297, [6]:840, [7]:678, [8]:0, [9]:0
I (5478) EXAMPLE: ADC1 Calibrated Voltage (mV): [0]:336, [1]:289, [2]:383, [3]:728, [4]:925, [5]:527, [6]:700, [7]:696, [8]:0, [9]:0
I (5488) EXAMPLE: ADC1 Calibrated Voltage (mV): [0]:329, [1]:286, [2]:385, [3]:741, [4]:942, [5]:747, [6]:708, [7]:657, [8]:0, [9]:0
I (5508) EXAMPLE: ADC1 Calibrated Voltage (mV): [0]:345, [1]:263, [2]:381, [3]:586, [4]:453, [5]:443, [6]:1024, [7]:672, [8]:0, [9]:0
I (5518) EXAMPLE: ADC1 Calibrated Voltage (mV): [0]:335, [1]:262, [2]:382, [3]:607, [4]:628, [5]:861, [6]:291, [7]:687, [8]:0, [9]:0
I (5528) EXAMPLE: ADC1 Calibrated Voltage (mV): [0]:338, [1]:290, [2]:378, [3]:877, [4]:514, [5]:913, [6]:730, [7]:691, [8]:0, [9]:0
I (5538) EXAMPLE: ADC1 Calibrated Voltage (mV): [0]:328, [1]:260, [2]:380, [3]:540, [4]:698, [5]:758, [6]:342, [7]:644, [8]:0, [9]:0
I (5548) EXAMPLE: ADC1 Calibrated Voltage (mV): [0]:328, [1]:262, [2]:380, [3]:1026, [4]:476, [5]:359, [6]:394, [7]:662, [8]:0, [9]:0
I (5558) EXAMPLE: ADC1 Calibrated Voltage (mV): [0]:335, [1]:262, [2]:380, [3]:849, [4]:908, [5]:308, [6]:869, [7]:698, [8]:0, [9]:0
I (5578) EXAMPLE: ADC1 Calibrated Voltage (mV): [0]:332, [1]:285, [2]:389, [3]:426, [4]:966, [5]:284, [6]:1063, [7]:657, [8]:0, [9]:0
I (5588) EXAMPLE: ADC1 Calibrated Voltage (mV): [0]:339, [1]:290, [2]:380, [3]:780, [4]:574, [5]:718, [6]:278, [7]:673, [8]:0, [9]:0
I (5598) EXAMPLE: ADC1 Calibrated Voltage (mV): [0]:330, [1]:262, [2]:390, [3]:567, [4]:542, [5]:738, [6]:356, [7]:667, [8]:0, [9]:0
I (5608) EXAMPLE: ADC1 Calibrated Voltage (mV): [0]:335, [1]:261, [2]:380, [3]:547, [4]:257, [5]:439, [6]:669, [7]:652, [8]:0, [9]:0
I (5618) EXAMPLE: ADC1 Calibrated Voltage (mV): [0]:333, [1]:261, [2]:382, [3]:754, [4]:771, [5]:363, [6]:537, [7]:693, [8]:0, [9]:0
I (5628) EXAMPLE: ADC1 Calibrated Voltage (mV): [0]:333, [1]:285, [2]:381, [3]:990, [4]:435, [5]:790, [6]:860, [7]:692, [8]:0, [9]:0
I (5648) EXAMPLE: ADC1 Calibrated Voltage (mV): [0]:328, [1]:256, [2]:386, [3]:494, [4]:620, [5]:672, [6]:614, [7]:671, [8]:0, [9]:0
I (5658) EXAMPLE: ADC1 Calibrated Voltage (mV): [0]:335, [1]:261, [2]:379, [3]:850, [4]:626, [5]:399, [6]:606, [7]:663, [8]:0, [9]:0
I (5668) EXAMPLE: ADC1 Calibrated Voltage (mV): [0]:332, [1]:262, [2]:378, [3]:929, [4]:1003, [5]:524, [6]:251, [7]:674, [8]:0, [9]:0
I (5678) EXAMPLE: ADC1 Calibrated Voltage (mV): [0]:335, [1]:289, [2]:381, [3]:604, [4]:664, [5]:489, [6]:983, [7]:678, [8]:0, [9]:0
I (5688) EXAMPLE: ADC1 Calibrated Voltage (mV): [0]:345, [1]:291, [2]:387, [3]:298, [4]:963, [5]:265, [6]:863, [7]:699, [8]:0, [9]:0
I (5698) EXAMPLE: ADC1 Calibrated Voltage (mV): [0]:338, [1]:288, [2]:389, [3]:291, [4]:714, [5]:799, [6]:663, [7]:687, [8]:0, [9]:0
I (5718) EXAMPLE: ADC1 Calibrated Voltage (mV): [0]:335, [1]:293, [2]:388, [3]:535, [4]:749, [5]:460, [6]:921, [7]:666, [8]:0, [9]:0
I (5728) EXAMPLE: ADC1 Calibrated Voltage (mV): [0]:329, [1]:264, [2]:382, [3]:463, [4]:395, [5]:1038, [6]:443, [7]:669, [8]:0, [9]:0
I (5738) EXAMPLE: ADC1 Calibrated Voltage (mV): [0]:337, [1]:296, [2]:386, [3]:308, [4]:941, [5]:951, [6]:1008, [7]:663, [8]:0, [9]:0
I (5748) EXAMPLE: ADC1 Calibrated Voltage (mV): [0]:332, [1]:267, [2]:379, [3]:476, [4]:919, [5]:533, [6]:519, [7]:692, [8]:0, [9]:0
I (5758) EXAMPLE: ADC1 Calibrated Voltage (mV): [0]:328, [1]:260, [2]:384, [3]:423, [4]:973, [5]:524, [6]:635, [7]:672, [8]:0, [9]:0
I (5768) EXAMPLE: ADC1 Calibrated Voltage (mV): [0]:338, [1]:261, [2]:381, [3]:383, [4]:467, [5]:1001, [6]:469, [7]:642, [8]:0, [9]:0
I (5788) EXAMPLE: ADC1 Calibrated Voltage (mV): [0]:338, [1]:286, [2]:388, [3]:391, [4]:704, [5]:265, [6]:686, [7]:681, [8]:0, [9]:0
I (5798) EXAMPLE: ADC1 Calibrated Voltage (mV): [0]:338, [1]:293, [2]:383, [3]:812, [4]:309, [5]:323, [6]:983, [7]:686, [8]:0, [9]:0
I (5808) EXAMPLE: ADC1 Calibrated Voltage (mV): [0]:327, [1]:284, [2]:385, [3]:271, [4]:988, [5]:260, [6]:766, [7]:654, [8]:0, [9]:0
I (5818) EXAMPLE: ADC1 Calibrated Voltage (mV): [0]:343, [1]:265, [2]:380, [3]:867, [4]:737, [5]:840, [6]:330, [7]:661, [8]:0, [9]:0
I (5828) EXAMPLE: ADC1 Calibrated Voltage (mV): [0]:330, [1]:261, [2]:383, [3]:362, [4]:278, [5]:771, [6]:1036, [7]:677, [8]:0, [9]:0
I (5838) EXAMPLE: ADC1 Calibrated Voltage (mV): [0]:333, [1]:259, [2]:379, [3]:693, [4]:1001, [5]:666, [6]:648, [7]:657, [8]:0, [9]:0
I (5858) EXAMPLE: ADC1 Calibrated Voltage (mV): [0]:331, [1]:286, [2]:379, [3]:748, [4]:381, [5]:329, [6]:693, [7]:668, [8]:0, [9]:0
I (5868) EXAMPLE: ADC1 Calibrated Voltage (mV): [0]:331, [1]:260, [2]:383, [3]:332, [4]:588, [5]:966, [6]:667, [7]:646, [8]:0, [9]:0
I (5878) EXAMPLE: ADC1 Calibrated Voltage (mV): [0]:332, [1]:289, [2]:389, [3]:727, [4]:1035, [5]:705, [6]:873, [7]:667, [8]:0, [9]:0
I (5888) EXAMPLE: ADC1 Calibrated Voltage (mV): [0]:336, [1]:291, [2]:382, [3]:346, [4]:228, [5]:810, [6]:662, [7]:642, [8]:0, [9]:0
I (5898) EXAMPLE: ADC1 Calibrated Voltage (mV): [0]:332, [1]:287, [2]:386, [3]:259, [4]:730, [5]:1038, [6]:633, [7]:692, [8]:0, [9]:0
I (5908) EXAMPLE: ADC1 Calibrated Voltage (mV): [0]:333, [1]:256, [2]:385, [3]:850, [4]:246, [5]:739, [6]:1019, [7]:671, [8]:0, [9]:0
I (5928) EXAMPLE: ADC1 Calibrated Voltage (mV): [0]:341, [1]:263, [2]:383, [3]:284, [4]:265, [5]:322, [6]:718, [7]:678, [8]:0, [9]:0
I (5938) EXAMPLE: ADC1 Calibrated Voltage (mV): [0]:337, [1]:290, [2]:379, [3]:830, [4]:639, [5]:881, [6]:445, [7]:668, [8]:0, [9]:0
I (5948) EXAMPLE: ADC1 Calibrated Voltage (mV): [0]:338, [1]:264, [2]:376, [3]:588, [4]:440, [5]:806, [6]:518, [7]:673, [8]:0, [9]:0
I (5958) EXAMPLE: ADC1 Calibrated Voltage (mV): [0]:331, [1]:262, [2]:380, [3]:489, [4]:454, [5]:360, [6]:508, [7]:653, [8]:0, [9]:0
I (5968) EXAMPLE: ADC1 Calibrated Voltage (mV): [0]:333, [1]:284, [2]:383, [3]:557, [4]:868, [5]:588, [6]:953, [7]:663, [8]:0, [9]:0
I (5978) EXAMPLE: ADC1 Calibrated Voltage (mV): [0]:336, [1]:290, [2]:381, [3]:513, [4]:406, [5]:982, [6]:438, [7]:681, [8]:0, [9]:0
I (5998) EXAMPLE: ADC1 Calibrated Voltage (mV): [0]:330, [1]:267, [2]:380, [3]:588, [4]:1019, [5]:781, [6]:374, [7]:651, [8]:0, [9]:0
I (6008) EXAMPLE: ADC1 Calibrated Voltage (mV): [0]:345, [1]:293, [2]:385, [3]:371, [4]:776, [5]:794, [6]:813, [7]:677, [8]:0, [9]:0
I (6018) EXAMPLE: ADC1 Calibrated Voltage (mV): [0]:341, [1]:288, [2]:383, [3]:614, [4]:842, [5]:221, [6]:900, [7]:698, [8]:0, [9]:0
I (6028) EXAMPLE: ADC1 Calibrated Voltage (mV): [0]:332, [1]:287, [2]:375, [3]:953, [4]:371, [5]:692, [6]:878, [7]:670, [8]:0, [9]:0
I (6038) EXAMPLE: ADC1 Calibrated Voltage (mV): [0]:340, [1]:290, [2]:385, [3]:372, [4]:530, [5]:1033, [6]:857, [7]:676, [8]:0, [9]:0
I (6048) EXAMPLE: ADC1 Calibrated Voltage (mV): [0]:335, [1]:263, [2]:380, [3]:1023, [4]:558, [5]:622, [6]:532, [7]:690, [8]:0, [9]:0
I (6068) EXAMPLE: ADC1 Calibrated Voltage (mV): [0]:328, [1]:268, [2]:378, [3]:819, [4]:557, [5]:561, [6]:455, [7]:685, [8]:0, [9]:0
I (6078) EXAMPLE: ADC1 Calibrated Voltage (mV): [0]:332, [1]:260, [2]:379, [3]:714, [4]:756, [5]:881, [6]:1024, [7]:653, [8]:0, [9]:0
I (6088) EXAMPLE: ADC1 Calibrated Voltage (mV): [0]:332, [1]:262, [2]:377, [3]:951, [4]:642, [5]:828, [6]:591, [7]:646, [8]:0, [9]:0
I (6098) EXAMPLE: ADC1 Calibrated Voltage (mV): [0]:336, [1]:263, [2]:379, [3]:800, [4]:855, [5]:989, [6]:661, [7]:677, [8]:0, [9]:0
I (6108) EXAMPLE: ADC1 Calibrated Voltage (mV): [0]:332, [1]:265, [2]:384, [3]:314, [4]:491, [5]:981, [6]:576, [7]:680, [8]:0, [9]:0
I (6118) EXAMPLE: ADC1 Calibrated Voltage (mV): [0]:327, [1]:284, [2]:383, [3]:602, [4]:467, [5]:654, [6]:1010, [7]:687, [8]:0, [9]:0
I (6138) EXAMPLE: ADC1 Calibrated Voltage (mV): [0]:331, [1]:287, [2]:388, [3]:421, [4]:719, [5]:861, [6]:492, [7]:686, [8]:0, [9]:0
I (6148) EXAMPLE: ADC1 Calibrated Voltage (mV): [0]:330, [1]:290, [2]:390, [3]:556, [4]:843, [5]:687, [6]:461, [7]:672, [8]:0, [9]:0
I (6158) EXAMPLE: ADC1 Calibrated Voltage (mV): [0]:337, [1]:260, [2]:378, [3]:904, [4]:754, [5]:804, [6]:895, [7]:677, [8]:0, [9]:0
I (6168) EXAMPLE: ADC1 Calibrated Voltage (mV): [0]:332, [1]:284, [2]:389, [3]:369, [4]:440, [5]:876, [6]:735, [7]:643, [8]:0, [9]:0
I (6178) EXAMPLE: ADC1 Calibrated Voltage (mV): [0]:330, [1]:290, [2]:383, [3]:455, [4]:445, [5]:729, [6]:534, [7]:683, [8]:0, [9]:0
I (6188) EXAMPLE: ADC1 Calibrated Voltage (mV): [0]:342, [1]:287, [2]:383, [3]:925, [4]:409, [5]:327, [6]:987, [7]:682, [8]:0, [9]:0
I (6208) EXAMPLE: ADC1 Calibrated Voltage (mV): [0]:337, [1]:288, [2]:381, [3]:483, [4]:1016, [5]:724, [6]:615, [7]:672, [8]:0, [9]:0
I (6218) EXAMPLE: ADC1 Calibrated Voltage (mV): [0]:341, [1]:261, [2]:389, [3]:351, [4]:537, [5]:1020, [6]:805, [7]:668, [8]:0, [9]:0
I (6228) EXAMPLE: ADC1 Calibrated Voltage (mV): [0]:337, [1]:261, [2]:378, [3]:1011, [4]:1035, [5]:513, [6]:721, [7]:677, [8]:0, [9]:0
I (6238) EXAMPLE: ADC1 Calibrated Voltage (mV): [0]:350, [1]:297, [2]:379, [3]:739, [4]:332, [5]:995, [6]:568, [7]:690, [8]:0, [9]:0
I (6248) EXAMPLE: ADC1 Calibrated Voltage (mV): [0]:335, [1]:265, [2]:386, [3]:321, [4]:1056, [5]:889, [6]:423, [7]:706, [8]:0, [9]:0
I (6258) EXAMPLE: ADC1 Calibrated Voltage (mV): [0]:335, [1]:289, [2]:391, [3]:855, [4]:794, [5]:925, [6]:870, [7]:682, [8]:0, [9]:0
I (6278) EXAMPLE: ADC1 Calibrated Voltage (mV): [0]:336, [1]:266, [2]:380, [3]:833, [4]:385, [5]:212, [6]:236, [7]:659, [8]:0, [9]:0
I (6288) EXAMPLE: ADC1 Calibrated Voltage (mV): [0]:331, [1]:286, [2]:391, [3]:470, [4]:422, [5]:434, [6]:432, [7]:690, [8]:0, [9]:0
I (6298) EXAMPLE: ADC1 Calibrated Voltage (mV): [0]:338, [1]:265, [2]:385, [3]:270, [4]:544, [5]:1003, [6]:510, [7]:696, [8]:0, [9]:0
I (6308) EXAMPLE: ADC1 Calibrated Voltage (mV): [0]:332, [1]:256, [2]:383, [3]:252, [4]:545, [5]:690, [6]:1035, [7]:678, [8]:0, [9]:0
I (6318) EXAMPLE: ADC1 Calibrated Voltage (mV): [0]:338, [1]:286, [2]:380, [3]:987, [4]:643, [5]:340, [6]:648, [7]:687, [8]:0, [9]:0
I (6328) EXAMPLE: ADC1 Calibrated Voltage (mV): [0]:340, [1]:289, [2]:385, [3]:300, [4]:874, [5]:715, [6]:361, [7]:709, [8]:0, [9]:0
I (6348) EXAMPLE: ADC1 Calibrated Voltage (mV): [0]:337, [1]:286, [2]:390, [3]:568, [4]:650, [5]:453, [6]:993, [7]:671, [8]:0, [9]:0
I (6358) EXAMPLE: ADC1 Calibrated Voltage (mV): [0]:332, [1]:284, [2]:388, [3]:357, [4]:649, [5]:587, [6]:1023, [7]:695, [8]:0, [9]:0
I (6368) EXAMPLE: ADC1 Calibrated Voltage (mV): [0]:333, [1]:284, [2]:389, [3]:300, [4]:1000, [5]:459, [6]:894, [7]:671, [8]:0, [9]:0
I (6378) EXAMPLE: ADC1 Calibrated Voltage (mV): [0]:327, [1]:294, [2]:380, [3]:873, [4]:886, [5]:600, [6]:511, [7]:688, [8]:0, [9]:0
I (6388) EXAMPLE: ADC1 Calibrated Voltage (mV): [0]:335, [1]:285, [2]:384, [3]:856, [4]:807, [5]:253, [6]:860, [7]:683, [8]:0, [9]:0
I (6398) EXAMPLE: ADC1 Calibrated Voltage (mV): [0]:335, [1]:256, [2]:385, [3]:363, [4]:584, [5]:1023, [6]:877, [7]:688, [8]:0, [9]:0
I (6418) EXAMPLE: ADC1 Calibrated Voltage (mV): [0]:332, [1]:286, [2]:388, [3]:402, [4]:1014, [5]:777, [6]:840, [7]:668, [8]:0, [9]:0
I (6428) EXAMPLE: ADC1 Calibrated Voltage (mV): [0]:343, [1]:261, [2]:385, [3]:909, [4]:556, [5]:606, [6]:883, [7]:680, [8]:0, [9]:0
I (6438) EXAMPLE: ADC1 Calibrated Voltage (mV): [0]:331, [1]:291, [2]:383, [3]:940, [4]:786, [5]:308, [6]:865, [7]:679, [8]:0, [9]:0
I (6448) EXAMPLE: ADC1 Calibrated Voltage (mV): [0]:333, [1]:256, [2]:375, [3]:852, [4]:372, [5]:934, [6]:1016, [7]:658, [8]:0, [9]:0
I (6458) EXAMPLE: ADC1 Calibrated Voltage (mV): [0]:336, [1]:295, [2]:390, [3]:364, [4]:264, [5]:1038, [6]:515, [7]:668, [8]:0, [9]:0
I (6468) EXAMPLE: ADC1 Calibrated Voltage (mV): [0]:330, [1]:269, [2]:374, [3]:786, [4]:557, [5]:944, [6]:443, [7]:676, [8]:0, [9]:0
I (6488) EXAMPLE: ADC1 Calibrated Voltage (mV): [0]:331, [1]:260, [2]:385, [3]:354, [4]:625, [5]:474, [6]:645, [7]:662, [8]:0, [9]:0
I (6498) EXAMPLE: ADC1 Calibrated Voltage (mV): [0]:335, [1]:260, [2]:382, [3]:383, [4]:601, [5]:334, [6]:751, [7]:636, [8]:0, [9]:0
I (6508) EXAMPLE: ADC1 Calibrated Voltage (mV): [0]:333, [1]:286, [2]:383, [3]:320, [4]:952, [5]:323, [6]:425, [7]:653, [8]:0, [9]:0
I (6518) EXAMPLE: ADC1 Calibrated Voltage (mV): [0]:336, [1]:290, [2]:389, [3]:375, [4]:843, [5]:773, [6]:1021, [7]:681, [8]:0, [9]:0
I (6528) EXAMPLE: ADC1 Calibrated Voltage (mV): [0]:336, [1]:284, [2]:385, [3]:511, [4]:726, [5]:324, [6]:894, [7]:668, [8]:0, [9]:0
I (6538) EXAMPLE: ADC1 Calibrated Voltage (mV): [0]:333, [1]:262, [2]:380, [3]:928, [4]:496, [5]:840, [6]:280, [7]:668, [8]:0, [9]:0
I (6558) EXAMPLE: ADC1 Calibrated Voltage (mV): [0]:336, [1]:261, [2]:382, [3]:473, [4]:459, [5]:400, [6]:1015, [7]:701, [8]:0, [9]:0
I (6568) EXAMPLE: ADC1 Calibrated Voltage (mV): [0]:333, [1]:290, [2]:394, [3]:281, [4]:824, [5]:544, [6]:373, [7]:672, [8]:0, [9]:0
I (6578) EXAMPLE: ADC1 Calibrated Voltage (mV): [0]:341, [1]:265, [2]:386, [3]:447, [4]:294, [5]:844, [6]:830, [7]:720, [8]:0, [9]:0
I (6588) EXAMPLE: ADC1 Calibrated Voltage (mV): [0]:333, [1]:289, [2]:382, [3]:662, [4]:557, [5]:935, [6]:962, [7]:654, [8]:0, [9]:0
I (6598) EXAMPLE: ADC1 Calibrated Voltage (mV): [0]:334, [1]:289, [2]:379, [3]:567, [4]:222, [5]:798, [6]:326, [7]:678, [8]:0, [9]:0
I (6608) EXAMPLE: ADC1 Calibrated Voltage (mV): [0]:337, [1]:290, [2]:395, [3]:245, [4]:784, [5]:281, [6]:755, [7]:666, [8]:0, [9]:0
I (6628) EXAMPLE: ADC1 Calibrated Voltage (mV): [0]:332, [1]:259, [2]:380, [3]:729, [4]:317, [5]:952, [6]:869, [7]:674, [8]:0, [9]:0
I (6638) EXAMPLE: ADC1 Calibrated Voltage (mV): [0]:334, [1]:265, [2]:385, [3]:359, [4]:268, [5]:1007, [6]:252, [7]:678, [8]:0, [9]:0
I (6648) EXAMPLE: ADC1 Calibrated Voltage (mV): [0]:330, [1]:260, [2]:381, [3]:630, [4]:680, [5]:399, [6]:526, [7]:677, [8]:0, [9]:0
I (6658) EXAMPLE: ADC1 Calibrated Voltage (mV): [0]:343, [1]:262, [2]:385, [3]:486, [4]:417, [5]:439, [6]:260, [7]:679, [8]:0, [9]:0
I (6668) EXAMPLE: ADC1 Calibrated Voltage (mV): [0]:331, [1]:287, [2]:379, [3]:592, [4]:626, [5]:1000, [6]:327, [7]:639, [8]:0, [9]:0
I (6678) EXAMPLE: ADC1 Calibrated Voltage (mV): [0]:329, [1]:290, [2]:383, [3]:410, [4]:818, [5]:882, [6]:362, [7]:662, [8]:0, [9]:0
I (6698) EXAMPLE: ADC1 Calibrated Voltage (mV): [0]:342, [1]:289, [2]:385, [3]:418, [4]:429, [5]:574, [6]:1036, [7]:691, [8]:0, [9]:0
I (6708) EXAMPLE: ADC1 Calibrated Voltage (mV): [0]:337, [1]:262, [2]:378, [3]:702, [4]:763, [5]:924, [6]:773, [7]:704, [8]:0, [9]:0
I (6718) EXAMPLE: ADC1 Calibrated Voltage (mV): [0]:334, [1]:262, [2]:384, [3]:737, [4]:662, [5]:429, [6]:371, [7]:687, [8]:0, [9]:0
I (6728) EXAMPLE: ADC1 Calibrated Voltage (mV): [0]:346, [1]:267, [2]:378, [3]:420, [4]:848, [5]:479, [6]:347, [7]:715, [8]:0, [9]:0
I (6738) EXAMPLE: ADC1 Calibrated Voltage (mV): [0]:331, [1]:281, [2]:376, [3]:999, [4]:442, [5]:676, [6]:466, [7]:668, [8]:0, [9]:0
I (6748) EXAMPLE: ADC1 Calibrated Voltage (mV): [0]:331, [1]:260, [2]:378, [3]:876, [4]:1025, [5]:237, [6]:875, [7]:663, [8]:0, [9]:0
I (6768) EXAMPLE: ADC1 Calibrated Voltage (mV): [0]:334, [1]:290, [2]:380, [3]:586, [4]:673, [5]:995, [6]:430, [7]:667, [8]:0, [9]:0
I (6778) EXAMPLE: ADC1 Calibrated Voltage (mV): [0]:333, [1]:295, [2]:383, [3]:326, [4]:345, [5]:915, [6]:984, [7]:645, [8]:0, [9]:0
I (6788) EXAMPLE: ADC1 Calibrated Voltage (mV): [0]:331, [1]:289, [2]:376, [3]:953, [4]:633, [5]:1000, [6]:832, [7]:663, [8]:0, [9]:0
I (6798) EXAMPLE: ADC1 Calibrated Voltage (mV): [0]:336, [1]:264, [2]:375, [3]:790, [4]:415, [5]:833, [6]:546, [7]:669, [8]:0, [9]:0
I (6808) EXAMPLE: ADC1 Calibrated Voltage (mV): [0]:327, [1]:262, [2]:379, [3]:681, [4]:921, [5]:394, [6]:259, [7]:671, [8]:0, [9]:0
I (6818) EXAMPLE: ADC1 Calibrated Voltage (mV): [0]:331, [1]:251, [2]:386, [3]:518, [4]:432, [5]:362, [6]:820, [7]:689, [8]:0, [9]:0
I (6838) EXAMPLE: ADC1 Calibrated Voltage (mV): [0]:326, [1]:260, [2]:382, [3]:948, [4]:306, [5]:421, [6]:241, [7]:642, [8]:0, [9]:0
I (6848) EXAMPLE: ADC1 Calibrated Voltage (mV): [0]:333, [1]:289, [2]:380, [3]:567, [4]:814, [5]:757, [6]:607, [7]:682, [8]:0, [9]:0
I (6858) EXAMPLE: ADC1 Calibrated Voltage (mV): [0]:324, [1]:259, [2]:381, [3]:642, [4]:1052, [5]:1026, [6]:470, [7]:684, [8]:0, [9]:0
I (6868) EXAMPLE: ADC1 Calibrated Voltage (mV): [0]:333, [1]:291, [2]:389, [3]:528, [4]:1003, [5]:566, [6]:256, [7]:649, [8]:0, [9]:0
I (6878) EXAMPLE: ADC1 Calibrated Voltage (mV): [0]:337, [1]:261, [2]:380, [3]:565, [4]:989, [5]:737, [6]:532, [7]:669, [8]:0, [9]:0
I (6888) EXAMPLE: ADC1 Calibrated Voltage (mV): [0]:328, [1]:261, [2]:378, [3]:986, [4]:900, [5]:305, [6]:958, [7]:654, [8]:0, [9]:0
I (6908) EXAMPLE: ADC1 Calibrated Voltage (mV): [0]:332, [1]:259, [2]:378, [3]:767, [4]:528, [5]:865, [6]:814, [7]:678, [8]:0, [9]:0
I (6918) EXAMPLE: ADC1 Calibrated Voltage (mV): [0]:336, [1]:261, [2]:383, [3]:374, [4]:859, [5]:963, [6]:362, [7]:662, [8]:0, [9]:0
I (6928) EXAMPLE: ADC1 Calibrated Voltage (mV): [0]:347, [1]:294, [2]:388, [3]:362, [4]:1011, [5]:307, [6]:944, [7]:691, [8]:0, [9]:0
I (6938) EXAMPLE: ADC1 Calibrated Voltage (mV): [0]:335, [1]:290, [2]:386, [3]:315, [4]:606, [5]:589, [6]:747, [7]:663, [8]:0, [9]:0
I (6948) EXAMPLE: ADC1 Calibrated Voltage (mV): [0]:336, [1]:289, [2]:389, [3]:864, [4]:305, [5]:939, [6]:873, [7]:667, [8]:0, [9]:0
I (6958) EXAMPLE: ADC1 Calibrated Voltage (mV): [0]:336, [1]:289, [2]:379, [3]:976, [4]:882, [5]:538, [6]:857, [7]:672, [8]:0, [9]:0
I (6978) EXAMPLE: ADC1 Calibrated Voltage (mV): [0]:333, [1]:261, [2]:383, [3]:398, [4]:594, [5]:679, [6]:543, [7]:664, [8]:0, [9]:0